itemId,city,quality,sellOrderPrice,sellOrderPriceDate,buyOrderPrice,buyOrderPriceDate,primaryResource,primaryResourceAmount,secondaryResource,secondaryResourceAmount,bonusCity
T2_HEAD_LEATHER_SET1,"Black Market",2,352,2022-10-17T18:20:00,336,2022-10-18T14:55:00,leather,8,,,Lymhurst
T3_HEAD_LEATHER_SET1,"Black Market",2,1200,2022-10-18T07:00:00,1175,2022-10-18T14:10:00,leather,8,,,Lymhurst
T4_HEAD_LEATHER_SET1,"Black Market",2,1471,2022-10-18T13:20:00,1410,2022-10-18T14:10:00,leather,8,,,Lymhurst
T4_HEAD_LEATHER_SET1@1,"Black Market",2,3065,2022-10-18T00:40:00,3008,2022-10-18T14:10:00,leather,8,,,Lymhurst
T4_HEAD_LEATHER_SET1@2,"Black Market",2,14999,2022-10-18T00:40:00,3008,2022-10-18T14:10:00,leather,8,,,Lymhurst
T4_HEAD_LEATHER_SET1@3,"Black Market",2,0,0001-01-01T00:00:00,18072,2022-10-18T14:10:00,leather,8,,,Lymhurst
T5_HEAD_LEATHER_SET1,"Black Market",2,5500,2022-10-18T00:40:00,5264,2022-10-18T14:10:00,leather,8,,,Lymhurst
T5_HEAD_LEATHER_SET1@1,"Black Market",2,8800,2022-10-18T00:40:00,4888,2022-10-18T14:10:00,leather,8,,,Lymhurst
T5_HEAD_LEATHER_SET1@2,"Black Market",2,29989,2022-10-18T00:40:00,1506,2022-10-18T14:10:00,leather,8,,,Lymhurst
T5_HEAD_LEATHER_SET1@3,"Black Market",2,0,0001-01-01T00:00:00,4515,2022-10-18T14:10:00,leather,8,,,Lymhurst
T6_HEAD_LEATHER_SET1,"Black Market",2,19882,2022-10-18T14:50:00,8272,2022-10-18T14:50:00,leather,8,,,Lymhurst
T6_HEAD_LEATHER_SET1@1,"Black Market",2,34756,2022-10-18T13:20:00,9789,2022-10-18T14:10:00,leather,8,,,Lymhurst
T6_HEAD_LEATHER_SET1@2,"Black Market",2,104997,2022-10-18T13:20:00,40635,2022-10-18T14:10:00,leather,8,,,Lymhurst
T6_HEAD_LEATHER_SET1@3,"Black Market",2,0,0001-01-01T00:00:00,0,0001-01-01T00:00:00,leather,8,,,Lymhurst
T7_HEAD_LEATHER_SET1,"Black Market",2,49693,2022-10-17T21:35:00,48945,2022-10-18T14:10:00,leather,8,,,Lymhurst
T7_HEAD_LEATHER_SET1@1,"Black Market",2,107992,2022-10-18T13:20:00,60200,2022-10-18T14:10:00,leather,8,,,Lymhurst
T7_HEAD_LEATHER_SET1@2,"Black Market",2,240488,2022-10-18T13:20:00,102374,2022-10-18T14:10:00,leather,8,,,Lymhurst
T7_HEAD_LEATHER_SET1@3,"Black Market",2,0,0001-01-01T00:00:00,240840,2022-10-18T14:10:00,leather,8,,,Lymhurst
T8_HEAD_LEATHER_SET1,"Black Market",2,143993,2022-10-18T13:20:00,109865,2022-10-18T14:10:00,leather,8,,,Lymhurst
T8_HEAD_LEATHER_SET1@1,"Black Market",2,294487,2022-10-17T21:40:00,280023,2022-10-18T14:10:00,leather,8,,,Lymhurst
T8_HEAD_LEATHER_SET1@2,"Black Market",2,0,0001-01-01T00:00:00,331155,2022-10-18T14:10:00,leather,8,,,Lymhurst
T8_HEAD_LEATHER_SET1@3,"Black Market",2,0,0001-01-01T00:00:00,361260,2022-10-18T14:10:00,leather,8,,,Lymhurst
T2_HEAD_LEATHER_SET2,"Black Market",2,0,0001-01-01T00:00:00,0,0001-01-01T00:00:00,leather,8,,,Lymhurst
T3_HEAD_LEATHER_SET2,"Black Market",2,0,0001-01-01T00:00:00,0,0001-01-01T00:00:00,leather,8,,,Lymhurst
T4_HEAD_LEATHER_SET2,"Black Market",2,1682,2022-10-18T13:15:00,940,2022-10-18T14:10:00,leather,8,,,Lymhurst
T4_HEAD_LEATHER_SET2@1,"Black Market",2,3030,2022-10-18T00:40:00,3008,2022-10-18T14:10:00,leather,8,,,Lymhurst
T4_HEAD_LEATHER_SET2@2,"Black Market",2,0,0001-01-01T00:00:00,10152,2022-10-18T14:10:00,leather,8,,,Lymhurst
T4_HEAD_LEATHER_SET2@3,"Black Market",2,65664,2022-10-17T19:45:00,29367,2022-10-18T14:10:00,leather,8,,,Lymhurst
T5_HEAD_LEATHER_SET2,"Black Market",2,5794,2022-10-18T00:40:00,5828,2022-10-18T14:10:00,leather,8,,,Lymhurst
T5_HEAD_LEATHER_SET2@1,"Black Market",2,10726,2022-10-18T00:40:00,9024,2022-10-18T14:10:00,leather,8,,,Lymhurst
T5_HEAD_LEATHER_SET2@2,"Black Market",2,0,0001-01-01T00:00:00,15813,2022-10-18T14:10:00,leather,8,,,Lymhurst
T5_HEAD_LEATHER_SET2@3,"Black Market",2,0,0001-01-01T00:00:00,103845,2022-10-18T14:10:00,leather,8,,,Lymhurst
T6_HEAD_LEATHER_SET2,"Black Market",2,20676,2022-10-18T16:30:00,13912,2022-10-18T14:10:00,leather,8,,,Lymhurst
T6_HEAD_LEATHER_SET2@1,"Black Market",2,33856,2022-10-18T16:35:00,25602,2022-10-18T14:10:00,leather,8,,,Lymhurst
T6_HEAD_LEATHER_SET2@2,"Black Market",2,99390,2022-10-18T13:20:00,40635,2022-10-18T14:10:00,leather,8,,,Lymhurst
T6_HEAD_LEATHER_SET2@3,"Black Market",2,0,0001-01-01T00:00:00,117429,2022-10-18T14:10:00,leather,8,,,Lymhurst
T7_HEAD_LEATHER_SET2,"Black Market",2,50911,2022-10-18T14:00:00,21084,2022-10-18T13:20:00,leather,8,,,Lymhurst
T7_HEAD_LEATHER_SET2@1,"Black Market",2,96399,2022-10-17T21:35:00,88795,2022-10-18T14:10:00,leather,8,,,Lymhurst
T7_HEAD_LEATHER_SET2@2,"Black Market",2,214000,2022-10-18T13:20:00,186682,2022-10-18T14:10:00,leather,8,,,Lymhurst
T7_HEAD_LEATHER_SET2@3,"Black Market",2,0,0001-01-01T00:00:00,48168,2022-10-18T14:10:00,leather,8,,,Lymhurst
T8_HEAD_LEATHER_SET2,"Black Market",2,133995,2022-10-18T16:45:00,93310,2022-10-18T16:35:00,leather,8,,,Lymhurst
T8_HEAD_LEATHER_SET2@1,"Black Market",2,257895,2022-10-17T21:40:00,45165,2022-10-18T14:10:00,leather,8,,,Lymhurst
T8_HEAD_LEATHER_SET2@2,"Black Market",2,0,0001-01-01T00:00:00,18063,2022-10-18T14:10:00,leather,8,,,Lymhurst
T8_HEAD_LEATHER_SET2@3,"Black Market",2,0,0001-01-01T00:00:00,1047654,2022-10-18T14:10:00,leather,8,,,Lymhurst
T2_HEAD_LEATHER_SET3,"Black Market",2,0,0001-01-01T00:00:00,0,0001-01-01T00:00:00,leather,8,,,Lymhurst
T3_HEAD_LEATHER_SET3,"Black Market",2,0,0001-01-01T00:00:00,0,0001-01-01T00:00:00,leather,8,,,Lymhurst
T4_HEAD_LEATHER_SET3,"Black Market",2,1535,2022-10-18T14:50:00,1504,2022-10-18T14:55:00,leather,8,,,Lymhurst
T4_HEAD_LEATHER_SET3@1,"Black Market",2,2741,2022-10-18T14:55:00,2632,2022-10-18T14:50:00,leather,8,,,Lymhurst
T4_HEAD_LEATHER_SET3@2,"Black Market",2,12244,2022-10-18T00:40:00,4512,2022-10-18T14:10:00,leather,8,,,Lymhurst
T4_HEAD_LEATHER_SET3@3,"Black Market",2,0,0001-01-01T00:00:00,12048,2022-10-18T14:10:00,leather,8,,,Lymhurst
T5_HEAD_LEATHER_SET3,"Black Market",2,5685,2022-10-17T21:05:00,3196,2022-10-18T14:10:00,leather,8,,,Lymhurst
T5_HEAD_LEATHER_SET3@1,"Black Market",2,10214,2022-10-18T00:40:00,5640,2022-10-18T14:10:00,leather,8,,,Lymhurst
T5_HEAD_LEATHER_SET3@2,"Black Market",2,33665,2022-10-18T00:40:00,15813,2022-10-18T14:10:00,leather,8,,,Lymhurst
T5_HEAD_LEATHER_SET3@3,"Black Market",2,0,0001-01-01T00:00:00,10535,2022-10-18T14:10:00,leather,8,,,Lymhurst
T6_HEAD_LEATHER_SET3,"Black Market",2,20699,2022-10-18T16:35:00,752,2022-10-18T16:35:00,leather,8,,,Lymhurst
T6_HEAD_LEATHER_SET3@1,"Black Market",2,34788,2022-10-18T13:15:00,12801,2022-10-18T14:10:00,leather,8,,,Lymhurst
T6_HEAD_LEATHER_SET3@2,"Black Market",2,103892,2022-10-18T13:20:00,42140,2022-10-18T14:10:00,leather,8,,,Lymhurst
T6_HEAD_LEATHER_SET3@3,"Black Market",2,0,0001-01-01T00:00:00,93341,2022-10-18T14:10:00,leather,8,,,Lymhurst
T7_HEAD_LEATHER_SET3,"Black Market",2,58659,2022-10-18T13:20:00,46686,2022-10-18T14:10:00,leather,8,,,Lymhurst
T7_HEAD_LEATHER_SET3@1,"Black Market",2,118895,2022-10-18T13:15:00,79765,2022-10-18T14:10:00,leather,8,,,Lymhurst
T7_HEAD_LEATHER_SET3@2,"Black Market",2,0,0001-01-01T00:00:00,174638,2022-10-18T14:10:00,leather,8,,,Lymhurst
T7_HEAD_LEATHER_SET3@3,"Black Market",2,0,0001-01-01T00:00:00,379323,2022-10-18T14:10:00,leather,8,,,Lymhurst
T8_HEAD_LEATHER_SET3,"Black Market",2,130881,2022-10-17T21:40:00,85785,2022-10-18T14:10:00,leather,8,,,Lymhurst
T8_HEAD_LEATHER_SET3@1,"Black Market",2,285989,2022-10-17T21:40:00,27099,2022-10-18T14:10:00,leather,8,,,Lymhurst
T8_HEAD_LEATHER_SET3@2,"Black Market",2,0,0001-01-01T00:00:00,246861,2022-10-18T14:10:00,leather,8,,,Lymhurst
T8_HEAD_LEATHER_SET3@3,"Black Market",2,0,0001-01-01T00:00:00,686394,2022-10-18T14:10:00,leather,8,,,Lymhurst
T2_ARMOR_LEATHER_SET1,"Black Market",2,0,0001-01-01T00:00:00,94,2022-10-18T14:55:00,leather,16,,,Thetford
T3_ARMOR_LEATHER_SET1,"Black Market",2,2421,2022-10-18T16:30:00,1974,2022-10-18T16:35:00,leather,16,,,Thetford
T4_ARMOR_LEATHER_SET1,"Black Market",2,3160,2022-10-18T13:20:00,3008,2022-10-18T14:10:00,leather,16,,,Thetford
T4_ARMOR_LEATHER_SET1@1,"Black Market",2,5233,2022-10-18T14:30:00,752,2022-10-18T14:10:00,leather,16,,,Thetford
T4_ARMOR_LEATHER_SET1@2,"Black Market",2,0,0001-01-01T00:00:00,2259,2022-10-18T14:10:00,leather,16,,,Thetford
T4_ARMOR_LEATHER_SET1@3,"Black Market",2,0,0001-01-01T00:00:00,51170,2022-10-18T14:10:00,leather,16,,,Thetford
T5_ARMOR_LEATHER_SET1,"Black Market",2,12059,2022-10-18T14:30:00,10904,2022-10-18T14:30:00,leather,16,,,Thetford
T5_ARMOR_LEATHER_SET1@1,"Black Market",2,17462,2022-10-18T14:30:00,8283,2022-10-18T14:30:00,leather,16,,,Thetford
T5_ARMOR_LEATHER_SET1@2,"Black Market",2,0,0001-01-01T00:00:00,48160,2022-10-18T14:10:00,leather,16,,,Thetford
T5_ARMOR_LEATHER_SET1@3,"Black Market",2,0,0001-01-01T00:00:00,75275,2022-10-18T14:10:00,leather,16,,,Thetford
T6_ARMOR_LEATHER_SET1,"Black Market",2,47447,2022-10-18T14:10:00,9036,2022-10-18T14:10:00,leather,16,,,Thetford
T6_ARMOR_LEATHER_SET1@1,"Black Market",2,68813,2022-10-17T21:20:00,27090,2022-10-18T14:10:00,leather,16,,,Thetford
T6_ARMOR_LEATHER_SET1@2,"Black Market",2,195716,2022-10-18T13:20:00,48176,2022-10-18T14:10:00,leather,16,,,Thetford
T6_ARMOR_LEATHER_SET1@3,"Black Market",2,0,0001-01-01T00:00:00,162567,2022-10-18T14:10:00,leather,16,,,Thetford
T7_ARMOR_LEATHER_SET1,"Black Market",2,124994,2022-10-18T13:25:00,52675,2022-10-18T14:10:00,leather,16,,,Thetford
T7_ARMOR_LEATHER_SET1@1,"Black Market",2,219856,2022-10-18T13:25:00,162594,2022-10-18T14:10:00,leather,16,,,Thetford
T7_ARMOR_LEATHER_SET1@2,"Black Market",2,535969,2022-10-18T13:20:00,60210,2022-10-18T14:10:00,leather,16,,,Thetford
T7_ARMOR_LEATHER_SET1@3,"Black Market",2,0,0001-01-01T00:00:00,481680,2022-10-18T14:10:00,leather,16,,,Thetford
T8_ARMOR_LEATHER_SET1,"Black Market",2,259995,2022-10-18T13:25:00,207759,2022-10-18T14:10:00,leather,16,,,Thetford
T8_ARMOR_LEATHER_SET1@1,"Black Market",2,475821,2022-10-17T21:35:00,24084,2022-10-18T14:10:00,leather,16,,,Thetford
T8_ARMOR_LEATHER_SET1@2,"Black Market",2,0,0001-01-01T00:00:00,602100,2022-10-18T14:10:00,leather,16,,,Thetford
T8_ARMOR_LEATHER_SET1@3,"Black Market",2,0,0001-01-01T00:00:00,722520,2022-10-18T06:55:00,leather,16,,,Thetford
T2_ARMOR_LEATHER_SET2,"Black Market",2,0,0001-01-01T00:00:00,0,0001-01-01T00:00:00,leather,16,,,Thetford
T3_ARMOR_LEATHER_SET2,"Black Market",2,0,0001-01-01T00:00:00,0,0001-01-01T00:00:00,leather,16,,,Thetford
T4_ARMOR_LEATHER_SET2,"Black Market",2,3989,2022-10-18T14:30:00,3948,2022-10-18T14:10:00,leather,16,,,Thetford
T4_ARMOR_LEATHER_SET2@1,"Black Market",2,6090,2022-10-18T14:30:00,6016,2022-10-18T14:30:00,leather,16,,,Thetford
T4_ARMOR_LEATHER_SET2@2,"Black Market",2,0,0001-01-01T00:00:00,16566,2022-10-18T14:10:00,leather,16,,,Thetford
T4_ARMOR_LEATHER_SET2@3,"Black Market",2,0,0001-01-01T00:00:00,82775,2022-10-18T14:10:00,leather,16,,,Thetford
T5_ARMOR_LEATHER_SET2,"Black Market",2,11941,2022-10-18T14:30:00,11656,2022-10-18T14:30:00,leather,16,,,Thetford
T5_ARMOR_LEATHER_SET2@1,"Black Market",2,18349,2022-10-18T16:35:00,5271,2022-10-18T14:30:00,leather,16,,,Thetford
T5_ARMOR_LEATHER_SET2@2,"Black Market",2,49670,2022-10-17T19:45:00,37625,2022-10-18T14:10:00,leather,16,,,Thetford
T5_ARMOR_LEATHER_SET2@3,"Black Market",2,0,0001-01-01T00:00:00,186682,2022-10-18T14:10:00,leather,16,,,Thetford
T6_ARMOR_LEATHER_SET2,"Black Market",2,47423,2022-10-18T13:20:00,22590,2022-10-18T14:10:00,leather,16,,,Thetford
T6_ARMOR_LEATHER_SET2@1,"Black Market",2,63489,2022-10-18T13:20:00,9030,2022-10-18T14:10:00,leather,16,,,Thetford
T6_ARMOR_LEATHER_SET2@2,"Black Market",2,0,0001-01-01T00:00:00,12044,2022-10-18T14:10:00,leather,16,,,Thetford
T6_ARMOR_LEATHER_SET2@3,"Black Market",2,0,0001-01-01T00:00:00,48168,2022-10-18T14:10:00,leather,16,,,Thetford
T7_ARMOR_LEATHER_SET2,"Black Market",2,113496,2022-10-18T16:35:00,81270,2022-10-18T16:15:00,leather,16,,,Thetford
T7_ARMOR_LEATHER_SET2@1,"Black Market",2,0,0001-01-01T00:00:00,96352,2022-10-18T14:10:00,leather,16,,,Thetford
T7_ARMOR_LEATHER_SET2@2,"Black Market",2,0,0001-01-01T00:00:00,445554,2022-10-18T14:10:00,leather,16,,,Thetford
T7_ARMOR_LEATHER_SET2@3,"Black Market",2,0,0001-01-01T00:00:00,746604,2022-10-18T14:10:00,leather,16,,,Thetford
T8_ARMOR_LEATHER_SET2,"Black Market",2,218999,2022-10-18T16:35:00,180660,2022-10-18T16:35:00,leather,16,,,Thetford
T8_ARMOR_LEATHER_SET2@1,"Black Market",2,492999,2022-10-17T21:40:00,72252,2022-10-18T14:10:00,leather,16,,,Thetford
T8_ARMOR_LEATHER_SET2@2,"Black Market",2,0,0001-01-01T00:00:00,144504,2022-10-18T14:10:00,leather,16,,,Thetford
T8_ARMOR_LEATHER_SET2@3,"Black Market",2,0,0001-01-01T00:00:00,818856,2022-10-18T14:10:00,leather,16,,,Thetford
T2_ARMOR_LEATHER_SET3,"Black Market",2,0,0001-01-01T00:00:00,0,0001-01-01T00:00:00,leather,16,,,Thetford
T3_ARMOR_LEATHER_SET3,"Black Market",2,0,0001-01-01T00:00:00,0,0001-01-01T00:00:00,leather,16,,,Thetford
T4_ARMOR_LEATHER_SET3,"Black Market",2,2182,2022-10-18T16:15:00,2068,2022-10-18T16:15:00,leather,16,,,Thetford
T4_ARMOR_LEATHER_SET3@1,"Black Market",2,4527,2022-10-17T20:50:00,4512,2022-10-18T14:10:00,leather,16,,,Thetford
T4_ARMOR_LEATHER_SET3@2,"Black Market",2,0,0001-01-01T00:00:00,6024,2022-10-18T14:10:00,leather,16,,,Thetford
T4_ARMOR_LEATHER_SET3@3,"Black Market",2,0,0001-01-01T00:00:00,67725,2022-10-18T14:10:00,leather,16,,,Thetford
T5_ARMOR_LEATHER_SET3,"Black Market",2,9995,2022-10-18T12:15:00,10528,2022-10-18T14:10:00,leather,16,,,Thetford
T5_ARMOR_LEATHER_SET3@1,"Black Market",2,16281,2022-10-18T16:35:00,15813,2022-10-18T16:30:00,leather,16,,,Thetford
T5_ARMOR_LEATHER_SET3@2,"Black Market",2,0,0001-01-01T00:00:00,24080,2022-10-18T14:10:00,leather,16,,,Thetford
T5_ARMOR_LEATHER_SET3@3,"Black Market",2,0,0001-01-01T00:00:00,18066,2022-10-18T14:10:00,leather,16,,,Thetford
T6_ARMOR_LEATHER_SET3,"Black Market",2,39885,2022-10-18T16:15:00,14307,2022-10-18T16:15:00,leather,16,,,Thetford
T6_ARMOR_LEATHER_SET3@1,"Black Market",2,70090,2022-10-18T13:20:00,7525,2022-10-17T20:35:00,leather,16,,,Thetford
T6_ARMOR_LEATHER_SET3@2,"Black Market",2,0,0001-01-01T00:00:00,75275,2022-10-18T14:10:00,leather,16,,,Thetford
T6_ARMOR_LEATHER_SET3@3,"Black Market",2,0,0001-01-01T00:00:00,421470,2022-10-18T14:10:00,leather,16,,,Thetford
T7_ARMOR_LEATHER_SET3,"Black Market",2,116317,2022-10-18T16:35:00,115885,2022-10-18T16:50:00,leather,16,,,Thetford
T7_ARMOR_LEATHER_SET3@1,"Black Market",2,213790,2022-10-17T21:30:00,168616,2022-10-18T14:10:00,leather,16,,,Thetford
T7_ARMOR_LEATHER_SET3@2,"Black Market",2,469698,2022-10-18T13:20:00,204714,2022-10-18T14:10:00,leather,16,,,Thetford
T7_ARMOR_LEATHER_SET3@3,"Black Market",2,0,0001-01-01T00:00:00,144504,2022-10-18T14:10:00,leather,16,,,Thetford
T8_ARMOR_LEATHER_SET3,"Black Market",2,263982,2022-10-17T21:35:00,54198,2022-10-18T16:25:00,leather,16,,,Thetford
T8_ARMOR_LEATHER_SET3@1,"Black Market",2,511881,2022-10-17T21:35:00,463617,2022-10-18T16:25:00,leather,16,,,Thetford
T8_ARMOR_LEATHER_SET3@2,"Black Market",2,0,0001-01-01T00:00:00,602100,2022-10-18T16:25:00,leather,16,,,Thetford
T8_ARMOR_LEATHER_SET3@3,"Black Market",2,0,0001-01-01T00:00:00,674352,2022-10-18T16:25:00,leather,16,,,Thetford
T2_SHOES_LEATHER_SET1,"Black Market",2,0,0001-01-01T00:00:00,336,2022-10-18T14:55:00,leather,8,,,Lymhurst
T3_SHOES_LEATHER_SET1,"Black Market",2,0,0001-01-01T00:00:00,1269,2022-10-18T14:10:00,leather,8,,,Lymhurst
T4_SHOES_LEATHER_SET1,"Black Market",2,1404,2022-10-18T13:25:00,1316,2022-10-18T14:10:00,leather,8,,,Lymhurst
T4_SHOES_LEATHER_SET1@1,"Black Market",2,3440,2022-10-18T14:55:00,3196,2022-10-18T14:10:00,leather,8,,,Lymhurst
T4_SHOES_LEATHER_SET1@2,"Black Market",2,0,0001-01-01T00:00:00,376,2022-10-18T14:10:00,leather,8,,,Lymhurst
T4_SHOES_LEATHER_SET1@3,"Black Market",2,0,0001-01-01T00:00:00,45180,2022-10-18T14:10:00,leather,8,,,Lymhurst
T5_SHOES_LEATHER_SET1,"Black Market",2,6068,2022-10-17T21:10:00,6016,2022-10-18T14:10:00,leather,8,,,Lymhurst
T5_SHOES_LEATHER_SET1@1,"Black Market",2,0,0001-01-01T00:00:00,9024,2022-10-18T14:10:00,leather,8,,,Lymhurst
T5_SHOES_LEATHER_SET1@2,"Black Market",2,0,0001-01-01T00:00:00,21084,2022-10-18T14:10:00,leather,8,,,Lymhurst
T5_SHOES_LEATHER_SET1@3,"Black Market",2,0,0001-01-01T00:00:00,36120,2022-10-18T14:10:00,leather,8,,,Lymhurst
T6_SHOES_LEATHER_SET1,"Black Market",2,25997,2022-10-17T21:30:00,3008,2022-10-18T14:10:00,leather,8,,,Lymhurst
T6_SHOES_LEATHER_SET1@1,"Black Market",2,36779,2022-10-18T13:25:00,15060,2022-10-18T14:10:00,leather,8,,,Lymhurst
T6_SHOES_LEATHER_SET1@2,"Black Market",2,106868,2022-10-18T13:20:00,40635,2022-10-18T14:10:00,leather,8,,,Lymhurst
T6_SHOES_LEATHER_SET1@3,"Black Market",2,0,0001-01-01T00:00:00,219803,2022-10-18T14:10:00,leather,8,,,Lymhurst
T7_SHOES_LEATHER_SET1,"Black Market",2,61982,2022-10-18T13:50:00,55722,2022-10-18T14:10:00,leather,8,,,Lymhurst
T7_SHOES_LEATHER_SET1@1,"Black Market",2,126999,2022-10-18T16:50:00,70735,2022-10-18T16:50:00,leather,8,,,Lymhurst
T7_SHOES_LEATHER_SET1@2,"Black Market",2,0,0001-01-01T00:00:00,63231,2022-10-18T14:10:00,leather,8,,,Lymhurst
T7_SHOES_LEATHER_SET1@3,"Black Market",2,0,0001-01-01T00:00:00,535869,2022-10-18T14:10:00,leather,8,,,Lymhurst
T8_SHOES_LEATHER_SET1,"Black Market",2,169497,2022-10-17T21:40:00,37625,2022-10-18T14:10:00,leather,8,,,Lymhurst
T8_SHOES_LEATHER_SET1@1,"Black Market",2,0,0001-01-01T00:00:00,264968,2022-10-18T14:10:00,leather,8,,,Lymhurst
T8_SHOES_LEATHER_SET1@2,"Black Market",2,0,0001-01-01T00:00:00,240840,2022-10-18T14:10:00,leather,8,,,Lymhurst
T8_SHOES_LEATHER_SET1@3,"Black Market",2,0,0001-01-01T00:00:00,830898,2022-10-18T14:10:00,leather,8,,,Lymhurst
T2_SHOES_LEATHER_SET2,"Black Market",2,0,0001-01-01T00:00:00,0,0001-01-01T00:00:00,leather,8,,,Lymhurst
T3_SHOES_LEATHER_SET2,"Black Market",2,0,0001-01-01T00:00:00,0,0001-01-01T00:00:00,leather,8,,,Lymhurst
T4_SHOES_LEATHER_SET2,"Black Market",2,1307,2022-10-18T16:50:00,282,2022-10-18T14:55:00,leather,8,,,Lymhurst
T4_SHOES_LEATHER_SET2@1,"Black Market",2,1999,2022-10-17T21:15:00,188,2022-10-18T14:10:00,leather,8,,,Lymhurst
T4_SHOES_LEATHER_SET2@2,"Black Market",2,0,0001-01-01T00:00:00,2256,2022-10-18T14:10:00,leather,8,,,Lymhurst
T4_SHOES_LEATHER_SET2@3,"Black Market",2,0,0001-01-01T00:00:00,51204,2022-10-18T14:10:00,leather,8,,,Lymhurst
T5_SHOES_LEATHER_SET2,"Black Market",2,5397,2022-10-18T12:45:00,4136,2022-10-18T14:10:00,leather,8,,,Lymhurst
T5_SHOES_LEATHER_SET2@1,"Black Market",2,7896,2022-10-18T06:35:00,2256,2022-10-18T06:35:00,leather,8,,,Lymhurst
T5_SHOES_LEATHER_SET2@2,"Black Market",2,0,0001-01-01T00:00:00,27108,2022-10-18T14:10:00,leather,8,,,Lymhurst
T5_SHOES_LEATHER_SET2@3,"Black Market",2,117989,2022-10-17T17:55:00,105350,2022-10-18T14:10:00,leather,8,,,Lymhurst
T6_SHOES_LEATHER_SET2,"Black Market",2,22600,2022-10-18T13:20:00,1880,2022-10-18T14:10:00,leather,8,,,Lymhurst
T6_SHOES_LEATHER_SET2@1,"Black Market",2,39893,2022-10-17T21:35:00,3012,2022-10-18T14:10:00,leather,8,,,Lymhurst
T6_SHOES_LEATHER_SET2@2,"Black Market",2,102916,2022-10-18T13:25:00,24080,2022-10-18T14:10:00,leather,8,,,Lymhurst
T6_SHOES_LEATHER_SET2@3,"Black Market",2,0,0001-01-01T00:00:00,177649,2022-10-18T14:10:00,leather,8,,,Lymhurst
T7_SHOES_LEATHER_SET2,"Black Market",2,64794,2022-10-17T21:35:00,63252,2022-10-18T14:10:00,leather,8,,,Lymhurst
T7_SHOES_LEATHER_SET2@1,"Black Market",2,117000,2022-10-17T21:35:00,84280,2022-10-18T14:10:00,leather,8,,,Lymhurst
T7_SHOES_LEATHER_SET2@2,"Black Market",2,322784,2022-10-18T13:25:00,48176,2022-10-18T14:10:00,leather,8,,,Lymhurst
T7_SHOES_LEATHER_SET2@3,"Black Market",2,0,0001-01-01T00:00:00,12042,2022-10-18T14:10:00,leather,8,,,Lymhurst
T8_SHOES_LEATHER_SET2,"Black Market",2,126870,2022-10-18T04:50:00,43645,2022-10-18T14:10:00,leather,8,,,Lymhurst
T8_SHOES_LEATHER_SET2@1,"Black Market",2,267993,2022-10-17T21:40:00,168616,2022-10-18T14:10:00,leather,8,,,Lymhurst
T8_SHOES_LEATHER_SET2@2,"Black Market",2,0,0001-01-01T00:00:00,355239,2022-10-18T14:10:00,leather,8,,,Lymhurst
T8_SHOES_LEATHER_SET2@3,"Black Market",2,0,0001-01-01T00:00:00,578016,2022-10-18T14:10:00,leather,8,,,Lymhurst
T2_SHOES_LEATHER_SET3,"Black Market",2,0,0001-01-01T00:00:00,0,0001-01-01T00:00:00,leather,8,,,Lymhurst
T3_SHOES_LEATHER_SET3,"Black Market",2,0,0001-01-01T00:00:00,0,0001-01-01T00:00:00,leather,8,,,Lymhurst
T4_SHOES_LEATHER_SET3,"Black Market",2,1471,2022-10-18T13:20:00,1410,2022-10-18T14:10:00,leather,8,,,Lymhurst
T4_SHOES_LEATHER_SET3@1,"Black Market",2,3354,2022-10-17T20:45:00,3196,2022-10-18T14:10:00,leather,8,,,Lymhurst
T4_SHOES_LEATHER_SET3@2,"Black Market",2,0,0001-01-01T00:00:00,9776,2022-10-18T14:10:00,leather,8,,,Lymhurst
T4_SHOES_LEATHER_SET3@3,"Black Market",2,0,0001-01-01T00:00:00,70782,2022-10-18T14:10:00,leather,8,,,Lymhurst
T5_SHOES_LEATHER_SET3,"Black Market",2,0,0001-01-01T00:00:00,6768,2022-10-18T14:10:00,leather,8,,,Lymhurst
T5_SHOES_LEATHER_SET3@1,"Black Market",2,0,0001-01-01T00:00:00,752,2022-10-18T14:10:00,leather,8,,,Lymhurst
T5_SHOES_LEATHER_SET3@2,"Black Market",2,0,0001-01-01T00:00:00,11295,2022-10-18T14:10:00,leather,8,,,Lymhurst
T5_SHOES_LEATHER_SET3@3,"Black Market",2,0,0001-01-01T00:00:00,91805,2022-10-18T14:10:00,leather,8,,,Lymhurst
T6_SHOES_LEATHER_SET3,"Black Market",2,24744,2022-10-18T13:20:00,8648,2022-10-18T14:10:00,leather,8,,,Lymhurst
T6_SHOES_LEATHER_SET3@1,"Black Market",2,38644,2022-10-17T21:30:00,30873,2022-10-18T14:10:00,leather,8,,,Lymhurst
T6_SHOES_LEATHER_SET3@2,"Black Market",2,0,0001-01-01T00:00:00,93310,2022-10-18T14:10:00,leather,8,,,Lymhurst
T6_SHOES_LEATHER_SET3@3,"Black Market",2,0,0001-01-01T00:00:00,180660,2022-10-18T14:10:00,leather,8,,,Lymhurst
T7_SHOES_LEATHER_SET3,"Black Market",2,58099,2022-10-18T13:25:00,57981,2022-10-18T14:10:00,leather,8,,,Lymhurst
T7_SHOES_LEATHER_SET3@1,"Black Market",2,120795,2022-10-18T13:20:00,36120,2022-10-18T14:10:00,leather,8,,,Lymhurst
T7_SHOES_LEATHER_SET3@2,"Black Market",2,248999,2022-10-18T13:25:00,93341,2022-10-18T14:10:00,leather,8,,,Lymhurst
T7_SHOES_LEATHER_SET3@3,"Black Market",2,0,0001-01-01T00:00:00,18063,2022-10-18T14:10:00,leather,8,,,Lymhurst
T8_SHOES_LEATHER_SET3,"Black Market",2,152000,2022-10-18T13:50:00,1505,2022-10-18T14:10:00,leather,8,,,Lymhurst
T8_SHOES_LEATHER_SET3@1,"Black Market",2,255995,2022-10-17T21:40:00,39143,2022-10-18T14:10:00,leather,8,,,Lymhurst
T8_SHOES_LEATHER_SET3@2,"Black Market",2,0,0001-01-01T00:00:00,445554,2022-10-18T14:10:00,leather,8,,,Lymhurst
T8_SHOES_LEATHER_SET3@3,"Black Market",2,0,0001-01-01T00:00:00,36126,2022-10-18T14:10:00,leather,8,,,Lymhurst
T2_2H_BOW,"Black Market",2,0,0001-01-01T00:00:00,94,2022-10-18T14:55:00,planks,32,,,Lymhurst
T3_2H_BOW,"Black Market",2,0,0001-01-01T00:00:00,1880,2022-10-18T03:35:00,planks,32,,,Lymhurst
T4_2H_BOW,"Black Market",2,3504,2022-10-18T14:25:00,3384,2022-10-18T03:35:00,planks,32,,,Lymhurst
T4_2H_BOW@1,"Black Market",2,5970,2022-10-18T05:20:00,1506,2022-10-18T05:20:00,planks,32,,,Lymhurst
T4_2H_BOW@2,"Black Market",2,0,0001-01-01T00:00:00,21070,2022-10-18T03:35:00,planks,32,,,Lymhurst
T4_2H_BOW@3,"Black Market",2,0,0001-01-01T00:00:00,12044,2022-10-18T03:35:00,planks,32,,,Lymhurst
T5_2H_BOW,"Black Market",2,11794,2022-10-18T06:35:00,7530,2022-10-18T03:35:00,planks,32,,,Lymhurst
T5_2H_BOW@1,"Black Market",2,25700,2022-10-17T20:50:00,6020,2022-10-18T03:35:00,planks,32,,,Lymhurst
T5_2H_BOW@2,"Black Market",2,0,0001-01-01T00:00:00,12044,2022-10-18T03:35:00,planks,32,,,Lymhurst
T5_2H_BOW@3,"Black Market",2,0,0001-01-01T00:00:00,307071,2022-10-18T14:40:00,planks,32,,,Lymhurst
T6_2H_BOW,"Black Market",2,36482,2022-10-18T01:05:00,1505,2022-10-18T03:35:00,planks,32,,,Lymhurst
T6_2H_BOW@1,"Black Market",2,79997,2022-10-17T21:10:00,27099,2022-10-18T03:35:00,planks,32,,,Lymhurst
T6_2H_BOW@2,"Black Market",2,0,0001-01-01T00:00:00,30105,2022-10-18T03:35:00,planks,32,,,Lymhurst
T6_2H_BOW@3,"Black Market",2,0,0001-01-01T00:00:00,481680,2022-10-18T03:35:00,planks,32,,,Lymhurst
T7_2H_BOW,"Black Market",2,119997,2022-10-18T16:35:00,81297,2022-10-18T16:30:00,planks,32,,,Lymhurst
T7_2H_BOW@1,"Black Market",2,257000,2022-10-18T09:40:00,114399,2022-10-18T09:40:00,planks,32,,,Lymhurst
T7_2H_BOW@2,"Black Market",2,0,0001-01-01T00:00:00,457596,2022-10-18T06:50:00,planks,32,,,Lymhurst
T7_2H_BOW@3,"Black Market",2,0,0001-01-01T00:00:00,1734048,2022-10-18T12:10:00,planks,32,,,Lymhurst
T8_2H_BOW,"Black Market",2,0,0001-01-01T00:00:00,186651,2022-10-18T14:05:00,planks,32,,,Lymhurst
T8_2H_BOW@1,"Black Market",2,734984,2022-10-18T14:10:00,204714,2022-10-18T06:55:00,planks,32,,,Lymhurst
T8_2H_BOW@2,"Black Market",2,0,0001-01-01T00:00:00,1300536,2022-10-18T03:35:00,planks,32,,,Lymhurst
T8_2H_BOW@3,"Black Market",2,0,0001-01-01T00:00:00,2408450,2022-10-18T06:55:00,planks,32,,,Lymhurst
T2_2H_WARBOW,"Black Market",2,0,0001-01-01T00:00:00,0,0001-01-01T00:00:00,planks,32,,,Lymhurst
T3_2H_WARBOW,"Black Market",2,0,0001-01-01T00:00:00,0,0001-01-01T00:00:00,planks,32,,,Lymhurst
T4_2H_WARBOW,"Black Market",2,3299,2022-10-18T16:20:00,376,2022-10-18T16:20:00,planks,32,,,Lymhurst
T4_2H_WARBOW@1,"Black Market",2,0,0001-01-01T00:00:00,6024,2022-10-18T03:35:00,planks,32,,,Lymhurst
T4_2H_WARBOW@2,"Black Market",2,0,0001-01-01T00:00:00,25585,2022-10-18T03:35:00,planks,32,,,Lymhurst
T4_2H_WARBOW@3,"Black Market",2,127995,2022-10-18T03:45:00,93341,2022-10-18T03:35:00,planks,32,,,Lymhurst
T5_2H_WARBOW,"Black Market",2,13227,2022-10-18T16:50:00,11295,2022-10-18T17:00:00,planks,32,,,Lymhurst
T5_2H_WARBOW@1,"Black Market",2,28797,2022-10-18T14:30:00,4515,2022-10-18T14:25:00,planks,32,,,Lymhurst
T5_2H_WARBOW@2,"Black Market",2,0,0001-01-01T00:00:00,18066,2022-10-18T03:35:00,planks,32,,,Lymhurst
T5_2H_WARBOW@3,"Black Market",2,0,0001-01-01T00:00:00,325134,2022-10-18T16:40:00,planks,32,,,Lymhurst
T6_2H_WARBOW,"Black Market",2,40277,2022-10-18T12:20:00,22575,2022-10-18T09:40:00,planks,32,,,Lymhurst
T6_2H_WARBOW@1,"Black Market",2,87969,2022-10-18T09:15:00,33121,2022-10-18T09:15:00,planks,32,,,Lymhurst
T6_2H_WARBOW@2,"Black Market",2,0,0001-01-01T00:00:00,234819,2022-10-18T03:35:00,planks,32,,,Lymhurst
T6_2H_WARBOW@3,"Black Market",2,0,0001-01-01T00:00:00,638226,2022-10-18T03:35:00,planks,32,,,Lymhurst
T7_2H_WARBOW,"Black Market",2,97496,2022-10-18T09:40:00,36132,2022-10-18T09:40:00,planks,32,,,Lymhurst
T7_2H_WARBOW@1,"Black Market",2,0,0001-01-01T00:00:00,120420,2022-10-18T06:55:00,planks,32,,,Lymhurst
T7_2H_WARBOW@2,"Black Market",2,0,0001-01-01T00:00:00,240840,2022-10-18T06:50:00,planks,32,,,Lymhurst
T7_2H_WARBOW@3,"Black Market",2,0,0001-01-01T00:00:00,842940,2022-10-18T06:55:00,planks,32,,,Lymhurst
T8_2H_WARBOW,"Black Market",2,362974,2022-10-18T09:40:00,186651,2022-10-18T13:35:00,planks,32,,,Lymhurst
T8_2H_WARBOW@1,"Black Market",2,799966,2022-10-18T09:35:00,674352,2022-10-18T09:40:00,planks,32,,,Lymhurst
T8_2H_WARBOW@2,"Black Market",2,0,0001-01-01T00:00:00,144504,2022-10-18T13:40:00,planks,32,,,Lymhurst
T8_2H_WARBOW@3,"Black Market",2,0,0001-01-01T00:00:00,3612675,2022-10-18T14:10:00,planks,32,,,Lymhurst
T2_2H_LONGBOW,"Black Market",2,0,0001-01-01T00:00:00,0,0001-01-01T00:00:00,planks,32,,,Lymhurst
T3_2H_LONGBOW,"Black Market",2,0,0001-01-01T00:00:00,0,0001-01-01T00:00:00,planks,32,,,Lymhurst
T4_2H_LONGBOW,"Black Market",2,3200,2022-10-18T14:25:00,3008,2022-10-18T03:35:00,planks,32,,,Lymhurst
T4_2H_LONGBOW@1,"Black Market",2,5293,2022-10-18T14:25:00,3765,2022-10-18T03:35:00,planks,32,,,Lymhurst
T4_2H_LONGBOW@2,"Black Market",2,0,0001-01-01T00:00:00,24080,2022-10-18T03:35:00,planks,32,,,Lymhurst
T4_2H_LONGBOW@3,"Black Market",2,0,0001-01-01T00:00:00,54198,2022-10-18T03:35:00,planks,32,,,Lymhurst
T5_2H_LONGBOW,"Black Market",2,13974,2022-10-18T14:25:00,2259,2022-10-18T03:35:00,planks,32,,,Lymhurst
T5_2H_LONGBOW@1,"Black Market",2,24467,2022-10-17T20:55:00,7525,2022-10-18T03:35:00,planks,32,,,Lymhurst
T5_2H_LONGBOW@2,"Black Market",2,0,0001-01-01T00:00:00,6022,2022-10-18T03:35:00,planks,32,,,Lymhurst
T5_2H_LONGBOW@3,"Black Market",2,0,0001-01-01T00:00:00,331155,2022-10-18T03:35:00,planks,32,,,Lymhurst
T6_2H_LONGBOW,"Black Market",2,33288,2022-10-18T17:00:00,22575,2022-10-18T17:00:00,planks,32,,,Lymhurst
T6_2H_LONGBOW@1,"Black Market",2,82444,2022-10-17T21:15:00,51187,2022-10-18T03:35:00,planks,32,,,Lymhurst
T6_2H_LONGBOW@2,"Black Market",2,0,0001-01-01T00:00:00,144504,2022-10-18T03:35:00,planks,32,,,Lymhurst
T6_2H_LONGBOW@3,"Black Market",2,0,0001-01-01T00:00:00,12042,2022-10-18T03:35:00,planks,32,,,Lymhurst
T7_2H_LONGBOW,"Black Market",2,0,0001-01-01T00:00:00,90330,2022-10-18T06:50:00,planks,32,,,Lymhurst
T7_2H_LONGBOW@1,"Black Market",2,0,0001-01-01T00:00:00,120420,2022-10-18T06:55:00,planks,32,,,Lymhurst
T7_2H_LONGBOW@2,"Black Market",2,0,0001-01-01T00:00:00,192672,2022-10-18T06:50:00,planks,32,,,Lymhurst
T7_2H_LONGBOW@3,"Black Market",2,0,0001-01-01T00:00:00,192672,2022-10-18T06:50:00,planks,32,,,Lymhurst
T8_2H_LONGBOW,"Black Market",2,0,0001-01-01T00:00:00,174609,2022-10-18T14:05:00,planks,32,,,Lymhurst
T8_2H_LONGBOW@1,"Black Market",2,0,0001-01-01T00:00:00,698436,2022-10-18T06:50:00,planks,32,,,Lymhurst
T8_2H_LONGBOW@2,"Black Market",2,0,0001-01-01T00:00:00,1613628,2022-10-18T06:55:00,planks,32,,,Lymhurst
T8_2H_LONGBOW@3,"Black Market",2,0,0001-01-01T00:00:00,1734084,2022-10-18T06:55:00,planks,32,,,Lymhurst
T2_MAIN_SPEAR,"Black Market",2,0,0001-01-01T00:00:00,0,0001-01-01T00:00:00,metalBar,8,planks,16,"Fort Sterling"
T3_MAIN_SPEAR,"Black Market",2,0,0001-01-01T00:00:00,3102,2022-10-18T03:25:00,metalBar,8,planks,16,"Fort Sterling"
T4_MAIN_SPEAR,"Black Market",2,3347,2022-10-18T16:20:00,3102,2022-10-18T16:20:00,metalBar,8,planks,16,"Fort Sterling"
T4_MAIN_SPEAR@1,"Black Market",2,8241,2022-10-17T18:50:00,4512,2022-10-18T03:25:00,metalBar,8,planks,16,"Fort Sterling"
T4_MAIN_SPEAR@2,"Black Market",2,23990,2022-10-17T18:55:00,9032,2022-10-18T03:25:00,metalBar,8,planks,16,"Fort Sterling"
T4_MAIN_SPEAR@3,"Black Market",2,138990,2022-10-17T18:50:00,42902,2022-10-18T03:25:00,metalBar,8,planks,16,"Fort Sterling"
T5_MAIN_SPEAR,"Black Market",2,15438,2022-10-17T21:05:00,11844,2022-10-18T03:25:00,metalBar,8,planks,16,"Fort Sterling"
T5_MAIN_SPEAR@1,"Black Market",2,19927,2022-10-17T21:05:00,5645,2022-10-18T03:25:00,metalBar,8,planks,16,"Fort Sterling"
T5_MAIN_SPEAR@2,"Black Market",2,88282,2022-10-17T18:55:00,74514,2022-10-18T03:25:00,metalBar,8,planks,16,"Fort Sterling"
T5_MAIN_SPEAR@3,"Black Market",2,324994,2022-10-17T18:50:00,307088,2022-10-18T14:40:00,metalBar,8,planks,16,"Fort Sterling"
T6_MAIN_SPEAR,"Black Market",2,36700,2022-10-17T21:30:00,30483,2022-10-18T03:25:00,metalBar,8,planks,16,"Fort Sterling"
T6_MAIN_SPEAR@1,"Black Market",2,83599,2022-10-17T21:30:00,31612,2022-10-18T03:25:00,metalBar,8,planks,16,"Fort Sterling"
T6_MAIN_SPEAR@2,"Black Market",2,279993,2022-10-17T18:55:00,252896,2022-10-18T03:25:00,metalBar,8,planks,16,"Fort Sterling"
T6_MAIN_SPEAR@3,"Black Market",2,768999,2022-10-17T18:55:00,587080,2022-10-18T03:25:00,metalBar,8,planks,16,"Fort Sterling"
T7_MAIN_SPEAR,"Black Market",2,111696,2022-10-17T19:25:00,99352,2022-10-18T03:25:00,metalBar,8,planks,16,"Fort Sterling"
T7_MAIN_SPEAR@1,"Black Market",2,299981,2022-10-17T18:55:00,275476,2022-10-18T06:55:00,metalBar,8,planks,16,"Fort Sterling"
T7_MAIN_SPEAR@2,"Black Market",2,0,0001-01-01T00:00:00,451600,2022-10-18T06:55:00,metalBar,8,planks,16,"Fort Sterling"
T7_MAIN_SPEAR@3,"Black Market",2,1751951,2022-10-17T18:55:00,1336662,2022-10-18T03:25:00,metalBar,8,planks,16,"Fort Sterling"
T8_MAIN_SPEAR,"Black Market",2,296787,2022-10-17T18:55:00,194188,2022-10-18T03:25:00,metalBar,8,planks,16,"Fort Sterling"
T8_MAIN_SPEAR@1,"Black Market",2,719999,2022-10-17T18:55:00,216768,2022-10-18T06:55:00,metalBar,8,planks,16,"Fort Sterling"
T8_MAIN_SPEAR@2,"Black Market",2,1779979,2022-10-17T18:55:00,1589544,2022-10-18T06:55:00,metalBar,8,planks,16,"Fort Sterling"
T8_MAIN_SPEAR@3,"Black Market",2,3499999,2022-10-17T18:55:00,2745652,2022-10-18T14:10:00,metalBar,8,planks,16,"Fort Sterling"
T2_2H_SPEAR,"Black Market",2,0,0001-01-01T00:00:00,0,0001-01-01T00:00:00,metalBar,12,planks,20,"Fort Sterling"
T3_2H_SPEAR,"Black Market",2,0,0001-01-01T00:00:00,0,0001-01-01T00:00:00,metalBar,12,planks,20,"Fort Sterling"
T4_2H_SPEAR,"Black Market",2,5886,2022-10-17T18:55:00,5640,2022-10-17T20:40:00,metalBar,12,planks,20,"Fort Sterling"
T4_2H_SPEAR@1,"Black Market",2,9828,2022-10-18T14:55:00,1506,2022-10-18T03:25:00,metalBar,12,planks,20,"Fort Sterling"
T4_2H_SPEAR@2,"Black Market",2,37680,2022-10-17T18:55:00,3010,2022-10-18T03:25:00,metalBar,12,planks,20,"Fort Sterling"
T4_2H_SPEAR@3,"Black Market",2,177999,2022-10-17T18:55:00,138506,2022-10-18T03:25:00,metalBar,12,planks,20,"Fort Sterling"
T5_2H_SPEAR,"Black Market",2,19941,2022-10-18T16:20:00,9789,2022-10-18T16:20:00,metalBar,12,planks,20,"Fort Sterling"
T5_2H_SPEAR@1,"Black Market",2,34393,2022-10-18T16:25:00,10535,2022-10-18T16:25:00,metalBar,12,planks,20,"Fort Sterling"
T5_2H_SPEAR@2,"Black Market",2,113970,2022-10-17T18:50:00,51187,2022-10-18T03:25:00,metalBar,12,planks,20,"Fort Sterling"
T5_2H_SPEAR@3,"Black Market",2,379981,2022-10-17T18:50:00,325134,2022-10-18T16:40:00,metalBar,12,planks,20,"Fort Sterling"
T6_2H_SPEAR,"Black Market",2,53653,2022-10-18T16:25:00,48160,2022-10-18T03:25:00,metalBar,12,planks,20,"Fort Sterling"
T6_2H_SPEAR@1,"Black Market",2,99997,2022-10-17T21:20:00,24088,2022-10-18T03:25:00,metalBar,12,planks,20,"Fort Sterling"
T6_2H_SPEAR@2,"Black Market",2,309996,2022-10-17T18:55:00,66231,2022-10-18T03:25:00,metalBar,12,planks,20,"Fort Sterling"
T6_2H_SPEAR@3,"Black Market",2,879997,2022-10-17T18:55:00,770688,2022-10-18T16:50:00,metalBar,12,planks,20,"Fort Sterling"
T7_2H_SPEAR,"Black Market",2,117683,2022-10-17T18:55:00,81297,2022-10-18T03:25:00,metalBar,12,planks,20,"Fort Sterling"
T7_2H_SPEAR@1,"Black Market",2,329965,2022-10-17T18:55:00,138483,2022-10-18T06:55:00,metalBar,12,planks,20,"Fort Sterling"
T7_2H_SPEAR@2,"Black Market",2,818972,2022-10-17T18:55:00,132462,2022-10-18T06:55:00,metalBar,12,planks,20,"Fort Sterling"
T7_2H_SPEAR@3,"Black Market",2,2215980,2022-10-17T18:55:00,578016,2022-10-18T06:50:00,metalBar,12,planks,20,"Fort Sterling"
T8_2H_SPEAR,"Black Market",2,580000,2022-10-17T18:55:00,252882,2022-10-18T06:50:00,metalBar,12,planks,20,"Fort Sterling"
T8_2H_SPEAR@1,"Black Market",2,809992,2022-10-17T18:55:00,590058,2022-10-18T06:55:00,metalBar,12,planks,20,"Fort Sterling"
T8_2H_SPEAR@2,"Black Market",2,1860983,2022-10-17T18:55:00,1589544,2022-10-18T06:55:00,metalBar,12,planks,20,"Fort Sterling"
T8_2H_SPEAR@3,"Black Market",2,3999998,2022-10-17T18:55:00,144507,2022-10-18T06:55:00,metalBar,12,planks,20,"Fort Sterling"
T2_2H_GLAIVE,"Black Market",2,0,0001-01-01T00:00:00,0,0001-01-01T00:00:00,metalBar,20,planks,12,"Fort Sterling"
T3_2H_GLAIVE,"Black Market",2,0,0001-01-01T00:00:00,0,0001-01-01T00:00:00,metalBar,20,planks,12,"Fort Sterling"
T4_2H_GLAIVE,"Black Market",2,7799,2022-10-18T11:55:00,7520,2022-10-18T03:25:00,metalBar,20,planks,12,"Fort Sterling"
T4_2H_GLAIVE@1,"Black Market",2,13757,2022-10-17T18:55:00,1506,2022-10-17T20:40:00,metalBar,20,planks,12,"Fort Sterling"
T4_2H_GLAIVE@2,"Black Market",2,42499,2022-10-17T18:55:00,24080,2022-10-18T03:25:00,metalBar,20,planks,12,"Fort Sterling"
T4_2H_GLAIVE@3,"Black Market",2,184993,2022-10-17T18:55:00,159583,2022-10-18T16:10:00,metalBar,20,planks,12,"Fort Sterling"
T5_2H_GLAIVE,"Black Market",2,22781,2022-10-18T16:25:00,8283,2022-10-18T03:25:00,metalBar,20,planks,12,"Fort Sterling"
T5_2H_GLAIVE@1,"Black Market",2,38362,2022-10-18T16:20:00,10535,2022-10-18T16:20:00,metalBar,20,planks,12,"Fort Sterling"
T5_2H_GLAIVE@2,"Black Market",2,108500,2022-10-17T18:50:00,9033,2022-10-18T03:25:00,metalBar,20,planks,12,"Fort Sterling"
T5_2H_GLAIVE@3,"Black Market",2,389958,2022-10-17T18:55:00,319113,2022-10-18T16:40:00,metalBar,20,planks,12,"Fort Sterling"
T6_2H_GLAIVE,"Black Market",2,55858,2022-10-17T21:15:00,21070,2022-10-18T03:25:00,metalBar,20,planks,12,"Fort Sterling"
T6_2H_GLAIVE@1,"Black Market",2,99996,2022-10-17T21:15:00,42154,2022-10-18T03:25:00,metalBar,20,planks,12,"Fort Sterling"
T6_2H_GLAIVE@2,"Black Market",2,347100,2022-10-18T09:40:00,126441,2022-10-18T03:25:00,metalBar,20,planks,12,"Fort Sterling"
T6_2H_GLAIVE@3,"Black Market",2,916980,2022-10-17T18:55:00,289008,2022-10-18T03:25:00,metalBar,20,planks,12,"Fort Sterling"
T7_2H_GLAIVE,"Black Market",2,114455,2022-10-17T19:25:00,48176,2022-10-18T03:25:00,metalBar,20,planks,12,"Fort Sterling"
T7_2H_GLAIVE@1,"Black Market",2,265100,2022-10-18T09:40:00,204714,2022-10-18T09:40:00,metalBar,20,planks,12,"Fort Sterling"
T7_2H_GLAIVE@2,"Black Market",2,830000,2022-10-17T18:50:00,674352,2022-10-18T06:50:00,metalBar,20,planks,12,"Fort Sterling"
T7_2H_GLAIVE@3,"Black Market",2,2179998,2022-10-17T18:55:00,1396872,2022-10-18T03:25:00,metalBar,20,planks,12,"Fort Sterling"
T8_2H_GLAIVE,"Black Market",2,253991,2022-10-17T18:55:00,216756,2022-10-18T14:05:00,metalBar,20,planks,12,"Fort Sterling"
T8_2H_GLAIVE@1,"Black Market",2,770000,2022-10-17T18:55:00,433512,2022-10-18T06:55:00,metalBar,20,planks,12,"Fort Sterling"
T8_2H_GLAIVE@2,"Black Market",2,2049941,2022-10-17T18:55:00,1854468,2022-10-18T14:35:00,metalBar,20,planks,12,"Fort Sterling"
T8_2H_GLAIVE@3,"Black Market",2,3999999,2022-10-17T18:55:00,4335210,2022-10-18T16:55:00,metalBar,20,planks,12,"Fort Sterling"
T2_MAIN_NATURESTAFF,"Black Market",2,0,0001-01-01T00:00:00,0,0001-01-01T00:00:00,planks,16,cloth,8,Thetford
T3_MAIN_NATURESTAFF,"Black Market",2,0,0001-01-01T00:00:00,3807,2022-10-18T03:35:00,planks,16,cloth,8,Thetford
T4_MAIN_NATURESTAFF,"Black Market",2,4327,2022-10-17T19:40:00,2256,2022-10-18T03:35:00,planks,16,cloth,8,Thetford
T4_MAIN_NATURESTAFF@1,"Black Market",2,9000,2022-10-17T19:40:00,564,2022-10-18T03:35:00,planks,16,cloth,8,Thetford
T4_MAIN_NATURESTAFF@2,"Black Market",2,30988,2022-10-17T19:40:00,27096,2022-10-18T03:35:00,planks,16,cloth,8,Thetford
T4_MAIN_NATURESTAFF@3,"Black Market",2,138999,2022-10-17T19:40:00,76772,2022-10-18T03:35:00,planks,16,cloth,8,Thetford
T5_MAIN_NATURESTAFF,"Black Market",2,15040,2022-10-17T21:05:00,10716,2022-10-18T03:35:00,planks,16,cloth,8,Thetford
T5_MAIN_NATURESTAFF@1,"Black Market",2,20373,2022-10-18T05:05:00,3387,2022-10-18T05:10:00,planks,16,cloth,8,Thetford
T5_MAIN_NATURESTAFF@2,"Black Market",2,84985,2022-10-17T19:40:00,31612,2022-10-17T20:45:00,planks,16,cloth,8,Thetford
T5_MAIN_NATURESTAFF@3,"Black Market",2,343100,2022-10-17T19:40:00,63224,2022-10-18T03:35:00,planks,16,cloth,8,Thetford
T6_MAIN_NATURESTAFF,"Black Market",2,30520,2022-10-18T12:45:00,25967,2022-10-18T12:45:00,planks,16,cloth,8,Thetford
T6_MAIN_NATURESTAFF@1,"Black Market",2,67917,2022-10-17T21:30:00,27096,2022-10-18T03:35:00,planks,16,cloth,8,Thetford
T6_MAIN_NATURESTAFF@2,"Black Market",2,247782,2022-10-17T19:40:00,18064,2022-10-18T03:35:00,planks,16,cloth,8,Thetford
T6_MAIN_NATURESTAFF@3,"Black Market",2,749978,2022-10-17T19:40:00,397408,2022-10-18T03:35:00,planks,16,cloth,8,Thetford
T7_MAIN_NATURESTAFF,"Black Market",2,112849,2022-10-17T19:40:00,36128,2022-10-18T06:55:00,planks,16,cloth,8,Thetford
T7_MAIN_NATURESTAFF@1,"Black Market",2,243983,2022-10-17T19:40:00,36128,2022-10-18T06:55:00,planks,16,cloth,8,Thetford
T7_MAIN_NATURESTAFF@2,"Black Market",2,899992,2022-10-17T19:40:00,550952,2022-10-18T06:55:00,planks,16,cloth,8,Thetford
T7_MAIN_NATURESTAFF@3,"Black Market",2,2330127,2022-10-17T19:40:00,1968867,2022-10-18T14:10:00,planks,16,cloth,8,Thetford
T8_MAIN_NATURESTAFF,"Black Market",2,262875,2022-10-17T19:40:00,4516,2022-10-18T06:55:00,planks,16,cloth,8,Thetford
T8_MAIN_NATURESTAFF@1,"Black Market",2,644440,2022-10-17T19:40:00,171608,2022-10-18T06:55:00,planks,16,cloth,8,Thetford
T8_MAIN_NATURESTAFF@2,"Black Market",2,1898981,2022-10-17T19:40:00,1734048,2022-10-18T14:35:00,planks,16,cloth,8,Thetford
T8_MAIN_NATURESTAFF@3,"Black Market",2,0,0001-01-01T00:00:00,2781779,2022-10-18T06:55:00,planks,16,cloth,8,Thetford
T2_2H_NATURESTAFF,"Black Market",2,0,0001-01-01T00:00:00,0,0001-01-01T00:00:00,planks,20,cloth,12,Thetford
T3_2H_NATURESTAFF,"Black Market",2,0,0001-01-01T00:00:00,0,0001-01-01T00:00:00,planks,20,cloth,12,Thetford
T4_2H_NATURESTAFF,"Black Market",2,6070,2022-10-17T19:55:00,6016,2022-10-18T03:35:00,planks,20,cloth,12,Thetford
T4_2H_NATURESTAFF@1,"Black Market",2,9495,2022-10-17T19:55:00,6777,2022-10-18T03:35:00,planks,20,cloth,12,Thetford
T4_2H_NATURESTAFF@2,"Black Market",2,37886,2022-10-17T19:55:00,6020,2022-10-18T03:35:00,planks,20,cloth,12,Thetford
T4_2H_NATURESTAFF@3,"Black Market",2,249986,2022-10-17T19:55:00,162594,2022-10-18T03:35:00,planks,20,cloth,12,Thetford
T5_2H_NATURESTAFF,"Black Market",2,18685,2022-10-17T20:50:00,12801,2022-10-18T03:35:00,planks,20,cloth,12,Thetford
T5_2H_NATURESTAFF@1,"Black Market",2,27134,2022-10-17T20:55:00,4515,2022-10-18T03:35:00,planks,20,cloth,12,Thetford
T5_2H_NATURESTAFF@2,"Black Market",2,88774,2022-10-17T19:55:00,51187,2022-10-18T03:35:00,planks,20,cloth,12,Thetford
T5_2H_NATURESTAFF@3,"Black Market",2,409848,2022-10-17T19:55:00,373302,2022-10-18T14:40:00,planks,20,cloth,12,Thetford
T6_2H_NATURESTAFF,"Black Market",2,46599,2022-10-17T21:15:00,37625,2022-10-18T03:35:00,planks,20,cloth,12,Thetford
T6_2H_NATURESTAFF@1,"Black Market",2,93383,2022-10-17T20:25:00,39143,2022-10-18T03:35:00,planks,20,cloth,12,Thetford
T6_2H_NATURESTAFF@2,"Black Market",2,381000,2022-10-17T19:55:00,228798,2022-10-17T20:45:00,planks,20,cloth,12,Thetford
T6_2H_NATURESTAFF@3,"Black Market",2,960420,2022-10-17T19:55:00,891108,2022-10-18T03:35:00,planks,20,cloth,12,Thetford
T7_2H_NATURESTAFF,"Black Market",2,160893,2022-10-17T19:55:00,90330,2022-10-18T06:55:00,planks,20,cloth,12,Thetford
T7_2H_NATURESTAFF@1,"Black Market",2,366000,2022-10-17T19:55:00,84294,2022-10-18T06:55:00,planks,20,cloth,12,Thetford
T7_2H_NATURESTAFF@2,"Black Market",2,1140897,2022-10-17T19:55:00,1059696,2022-10-18T16:45:00,planks,20,cloth,12,Thetford
T7_2H_NATURESTAFF@3,"Black Market",2,2330000,2022-10-17T19:55:00,216756,2022-10-18T06:50:00,planks,20,cloth,12,Thetford
T8_2H_NATURESTAFF,"Black Market",2,477286,2022-10-17T19:55:00,174609,2022-10-18T14:05:00,planks,20,cloth,12,Thetford
T8_2H_NATURESTAFF@1,"Black Market",2,1059999,2022-10-17T19:55:00,710478,2022-10-18T06:55:00,planks,20,cloth,12,Thetford
T8_2H_NATURESTAFF@2,"Black Market",2,2699998,2022-10-17T19:55:00,457596,2022-10-18T06:55:00,planks,20,cloth,12,Thetford
T8_2H_NATURESTAFF@3,"Black Market",2,3574974,2022-10-17T19:55:00,3419999,2022-10-18T06:55:00,planks,20,cloth,12,Thetford
T2_2H_WILDSTAFF,"Black Market",2,0,0001-01-01T00:00:00,0,0001-01-01T00:00:00,planks,20,cloth,12,Thetford
T3_2H_WILDSTAFF,"Black Market",2,0,0001-01-01T00:00:00,0,0001-01-01T00:00:00,planks,20,cloth,12,Thetford
T4_2H_WILDSTAFF,"Black Market",2,6776,2022-10-17T19:40:00,3384,2022-10-18T03:35:00,planks,20,cloth,12,Thetford
T4_2H_WILDSTAFF@1,"Black Market",2,12817,2022-10-17T19:40:00,6777,2022-10-18T03:35:00,planks,20,cloth,12,Thetford
T4_2H_WILDSTAFF@2,"Black Market",2,0,0001-01-01T00:00:00,19565,2022-10-18T03:35:00,planks,20,cloth,12,Thetford
T4_2H_WILDSTAFF@3,"Black Market",2,134998,2022-10-17T19:40:00,81297,2022-10-18T03:35:00,planks,20,cloth,12,Thetford
T5_2H_WILDSTAFF,"Black Market",2,18589,2022-10-17T20:55:00,7530,2022-10-18T03:35:00,planks,20,cloth,12,Thetford
T5_2H_WILDSTAFF@1,"Black Market",2,31693,2022-10-17T20:55:00,6020,2022-10-18T03:35:00,planks,20,cloth,12,Thetford
T5_2H_WILDSTAFF@2,"Black Market",2,76992,2022-10-17T19:40:00,60220,2022-10-18T03:35:00,planks,20,cloth,12,Thetford
T5_2H_WILDSTAFF@3,"Black Market",2,379997,2022-10-17T19:40:00,126441,2022-10-18T03:35:00,planks,20,cloth,12,Thetford
T6_2H_WILDSTAFF,"Black Market",2,44989,2022-10-17T21:20:00,6020,2022-10-18T03:35:00,planks,20,cloth,12,Thetford
T6_2H_WILDSTAFF@1,"Black Market",2,78993,2022-10-17T21:20:00,78286,2022-10-18T03:35:00,planks,20,cloth,12,Thetford
T6_2H_WILDSTAFF@2,"Black Market",2,289259,2022-10-17T19:40:00,114399,2022-10-18T03:35:00,planks,20,cloth,12,Thetford
T6_2H_WILDSTAFF@3,"Black Market",2,869999,2022-10-17T19:40:00,746604,2022-10-18T13:35:00,planks,20,cloth,12,Thetford
T7_2H_WILDSTAFF,"Black Market",2,131995,2022-10-17T19:40:00,93341,2022-10-18T06:55:00,planks,20,cloth,12,Thetford
T7_2H_WILDSTAFF@1,"Black Market",2,282752,2022-10-17T19:40:00,240840,2022-10-18T03:35:00,planks,20,cloth,12,Thetford
T7_2H_WILDSTAFF@2,"Black Market",2,899992,2022-10-17T19:40:00,698436,2022-10-18T06:50:00,planks,20,cloth,12,Thetford
T7_2H_WILDSTAFF@3,"Black Market",2,0,0001-01-01T00:00:00,2167560,2022-10-18T06:55:00,planks,20,cloth,12,Thetford
T8_2H_WILDSTAFF,"Black Market",2,319162,2022-10-17T19:40:00,198693,2022-10-18T06:55:00,planks,20,cloth,12,Thetford
T8_2H_WILDSTAFF@1,"Black Market",2,759997,2022-10-17T19:40:00,746604,2022-10-18T06:55:00,planks,20,cloth,12,Thetford
T8_2H_WILDSTAFF@2,"Black Market",2,0,0001-01-01T00:00:00,1950804,2022-10-18T14:35:00,planks,20,cloth,12,Thetford
T8_2H_WILDSTAFF@3,"Black Market",2,3600000,2022-10-17T19:40:00,1589577,2022-10-18T06:55:00,planks,20,cloth,12,Thetford
T2_MAIN_DAGGER,"Black Market",2,0,0001-01-01T00:00:00,0,0001-01-01T00:00:00,metalBar,12,leather,12,Bridgewatch
T3_MAIN_DAGGER,"Black Market",2,3563,2022-10-18T06:35:00,3525,2022-10-18T14:05:00,metalBar,12,leather,12,Bridgewatch
T4_MAIN_DAGGER,"Black Market",2,2944,2022-10-18T16:50:00,1410,2022-10-18T16:50:00,metalBar,12,leather,12,Bridgewatch
T4_MAIN_DAGGER@1,"Black Market",2,6745,2022-10-18T16:40:00,5076,2022-10-18T16:40:00,metalBar,12,leather,12,Bridgewatch
T4_MAIN_DAGGER@2,"Black Market",2,49499,2022-10-18T16:50:00,12419,2022-10-18T16:50:00,metalBar,12,leather,12,Bridgewatch
T4_MAIN_DAGGER@3,"Black Market",2,173998,2022-10-18T16:50:00,146770,2022-10-18T16:50:00,metalBar,12,leather,12,Bridgewatch
T5_MAIN_DAGGER,"Black Market",2,13997,2022-10-18T16:40:00,9024,2022-10-18T16:40:00,metalBar,12,leather,12,Bridgewatch
T5_MAIN_DAGGER@1,"Black Market",2,20964,2022-10-18T16:40:00,3387,2022-10-18T16:40:00,metalBar,12,leather,12,Bridgewatch
T5_MAIN_DAGGER@2,"Black Market",2,88989,2022-10-18T16:40:00,45160,2022-10-18T16:40:00,metalBar,12,leather,12,Bridgewatch
T5_MAIN_DAGGER@3,"Black Market",2,321987,2022-10-18T16:40:00,13548,2022-10-18T16:40:00,metalBar,12,leather,12,Bridgewatch
T6_MAIN_DAGGER,"Black Market",2,39841,2022-10-18T16:40:00,30483,2022-10-18T16:40:00,metalBar,12,leather,12,Bridgewatch
T6_MAIN_DAGGER@1,"Black Market",2,106792,2022-10-18T16:40:00,58708,2022-10-18T16:40:00,metalBar,12,leather,12,Bridgewatch
T6_MAIN_DAGGER@2,"Black Market",2,286984,2022-10-18T16:40:00,94836,2022-10-18T16:40:00,metalBar,12,leather,12,Bridgewatch
T6_MAIN_DAGGER@3,"Black Market",2,733982,2022-10-18T16:40:00,252896,2022-10-18T16:40:00,metalBar,12,leather,12,Bridgewatch
T7_MAIN_DAGGER,"Black Market",2,140900,2022-10-18T16:40:00,54192,2022-10-18T17:00:00,metalBar,12,leather,12,Bridgewatch
T7_MAIN_DAGGER@1,"Black Market",2,297500,2022-10-18T16:40:00,230316,2022-10-18T16:40:00,metalBar,12,leather,12,Bridgewatch
T7_MAIN_DAGGER@2,"Black Market",2,790000,2022-10-18T16:40:00,117416,2022-10-18T06:55:00,metalBar,12,leather,12,Bridgewatch
T7_MAIN_DAGGER@3,"Black Market",2,1379988,2022-10-18T16:40:00,812835,2022-10-18T16:40:00,metalBar,12,leather,12,Bridgewatch
T8_MAIN_DAGGER,"Black Market",2,305385,2022-10-18T16:40:00,203220,2022-10-18T16:40:00,metalBar,12,leather,12,Bridgewatch
T8_MAIN_DAGGER@1,"Black Market",2,695998,2022-10-18T16:40:00,162576,2022-10-18T06:55:00,metalBar,12,leather,12,Bridgewatch
T8_MAIN_DAGGER@2,"Black Market",2,1808030,2022-10-18T16:40:00,1101843,2022-10-18T16:40:00,metalBar,12,leather,12,Bridgewatch
T8_MAIN_DAGGER@3,"Black Market",2,2295000,2022-10-18T16:40:00,325143,2022-10-18T16:40:00,metalBar,12,leather,12,Bridgewatch
T2_2H_DAGGERPAIR,"Black Market",2,0,0001-01-01T00:00:00,0,0001-01-01T00:00:00,metalBar,16,leather,16,Bridgewatch
T3_2H_DAGGERPAIR,"Black Market",2,0,0001-01-01T00:00:00,0,0001-01-01T00:00:00,metalBar,16,leather,16,Bridgewatch
T4_2H_DAGGERPAIR,"Black Market",2,4912,2022-10-18T16:50:00,1880,2022-10-18T16:50:00,metalBar,16,leather,16,Bridgewatch
T4_2H_DAGGERPAIR@1,"Black Market",2,10644,2022-10-18T16:45:00,4518,2022-10-18T16:45:00,metalBar,16,leather,16,Bridgewatch
T4_2H_DAGGERPAIR@2,"Black Market",2,46998,2022-10-18T16:45:00,27090,2022-10-18T16:45:00,metalBar,16,leather,16,Bridgewatch
T4_2H_DAGGERPAIR@3,"Black Market",2,219971,2022-10-18T16:45:00,105385,2022-10-18T16:35:00,metalBar,16,leather,16,Bridgewatch
T5_2H_DAGGERPAIR,"Black Market",2,21019,2022-10-18T16:45:00,12048,2022-10-18T16:45:00,metalBar,16,leather,16,Bridgewatch
T5_2H_DAGGERPAIR@1,"Black Market",2,29774,2022-10-18T16:45:00,7525,2022-10-18T16:45:00,metalBar,16,leather,16,Bridgewatch
T5_2H_DAGGERPAIR@2,"Black Market",2,99798,2022-10-18T16:45:00,99363,2022-10-18T16:45:00,metalBar,16,leather,16,Bridgewatch
T5_2H_DAGGERPAIR@3,"Black Market",2,364999,2022-10-18T16:45:00,313092,2022-10-18T16:35:00,metalBar,16,leather,16,Bridgewatch
T6_2H_DAGGERPAIR,"Black Market",2,67976,2022-10-18T16:45:00,25585,2022-10-18T16:45:00,metalBar,16,leather,16,Bridgewatch
T6_2H_DAGGERPAIR@1,"Black Market",2,99794,2022-10-18T16:45:00,18066,2022-10-18T16:45:00,metalBar,16,leather,16,Bridgewatch
T6_2H_DAGGERPAIR@2,"Black Market",2,367987,2022-10-18T16:45:00,114399,2022-10-18T16:45:00,metalBar,16,leather,16,Bridgewatch
T6_2H_DAGGERPAIR@3,"Black Market",2,947996,2022-10-18T16:45:00,252882,2022-10-18T16:45:00,metalBar,16,leather,16,Bridgewatch
T7_2H_DAGGERPAIR,"Black Market",2,186600,2022-10-18T16:45:00,36132,2022-10-18T16:45:00,metalBar,16,leather,16,Bridgewatch
T7_2H_DAGGERPAIR@1,"Black Market",2,389595,2022-10-18T16:45:00,264924,2022-10-18T16:45:00,metalBar,16,leather,16,Bridgewatch
T7_2H_DAGGERPAIR@2,"Black Market",2,1097964,2022-10-18T16:45:00,939276,2022-10-18T16:45:00,metalBar,16,leather,16,Bridgewatch
T7_2H_DAGGERPAIR@3,"Black Market",2,2139995,2022-10-18T16:45:00,1661796,2022-10-18T16:45:00,metalBar,16,leather,16,Bridgewatch
T8_2H_DAGGERPAIR,"Black Market",2,418989,2022-10-18T16:45:00,295029,2022-10-18T16:50:00,metalBar,16,leather,16,Bridgewatch
T8_2H_DAGGERPAIR@1,"Black Market",2,1349241,2022-10-18T16:50:00,1228284,2022-10-18T16:50:00,metalBar,16,leather,16,Bridgewatch
T8_2H_DAGGERPAIR@2,"Black Market",2,2399997,2022-10-18T16:50:00,2336148,2022-10-18T16:50:00,metalBar,16,leather,16,Bridgewatch
T8_2H_DAGGERPAIR@3,"Black Market",2,0,0001-01-01T00:00:00,578028,2022-10-18T16:45:00,metalBar,16,leather,16,Bridgewatch
T2_2H_CLAWPAIR,"Black Market",2,0,0001-01-01T00:00:00,0,0001-01-01T00:00:00,metalBar,12,leather,20,Bridgewatch
T3_2H_CLAWPAIR,"Black Market",2,0,0001-01-01T00:00:00,0,0001-01-01T00:00:00,metalBar,12,leather,20,Bridgewatch
T4_2H_CLAWPAIR,"Black Market",2,5769,2022-10-18T16:50:00,5640,2022-10-18T13:30:00,metalBar,12,leather,20,Bridgewatch
T4_2H_CLAWPAIR@1,"Black Market",2,13913,2022-10-18T16:40:00,13554,2022-10-18T03:30:00,metalBar,12,leather,20,Bridgewatch
T4_2H_CLAWPAIR@2,"Black Market",2,34995,2022-10-18T16:40:00,33110,2022-10-18T03:30:00,metalBar,12,leather,20,Bridgewatch
T4_2H_CLAWPAIR@3,"Black Market",2,204971,2022-10-18T16:40:00,135495,2022-10-18T03:30:00,metalBar,12,leather,20,Bridgewatch
T5_2H_CLAWPAIR,"Black Market",2,21143,2022-10-18T16:45:00,3765,2022-10-18T16:45:00,metalBar,12,leather,20,Bridgewatch
T5_2H_CLAWPAIR@1,"Black Market",2,27894,2022-10-18T16:45:00,13545,2022-10-18T16:45:00,metalBar,12,leather,20,Bridgewatch
T5_2H_CLAWPAIR@2,"Black Market",2,99999,2022-10-18T16:45:00,78286,2022-10-18T16:45:00,metalBar,12,leather,20,Bridgewatch
T5_2H_CLAWPAIR@3,"Black Market",2,360000,2022-10-18T16:45:00,60210,2022-10-18T16:45:00,metalBar,12,leather,20,Bridgewatch
T6_2H_CLAWPAIR,"Black Market",2,75649,2022-10-18T16:45:00,54180,2022-10-18T16:45:00,metalBar,12,leather,20,Bridgewatch
T6_2H_CLAWPAIR@1,"Black Market",2,130681,2022-10-18T16:45:00,111407,2022-10-18T16:45:00,metalBar,12,leather,20,Bridgewatch
T6_2H_CLAWPAIR@2,"Black Market",2,417000,2022-10-18T16:45:00,192672,2022-10-18T16:45:00,metalBar,12,leather,20,Bridgewatch
T6_2H_CLAWPAIR@3,"Black Market",2,918999,2022-10-18T16:45:00,505764,2022-10-18T16:45:00,metalBar,12,leather,20,Bridgewatch
T7_2H_CLAWPAIR,"Black Market",2,200829,2022-10-18T16:45:00,75275,2022-10-18T06:55:00,metalBar,12,leather,20,Bridgewatch
T7_2H_CLAWPAIR@1,"Black Market",2,428991,2022-10-18T16:45:00,126441,2022-10-18T16:45:00,metalBar,12,leather,20,Bridgewatch
T7_2H_CLAWPAIR@2,"Black Market",2,1059991,2022-10-18T16:45:00,216756,2022-10-18T16:45:00,metalBar,12,leather,20,Bridgewatch
T7_2H_CLAWPAIR@3,"Black Market",2,1990954,2022-10-18T16:45:00,529848,2022-10-18T16:45:00,metalBar,12,leather,20,Bridgewatch
T8_2H_CLAWPAIR,"Black Market",2,475645,2022-10-18T16:45:00,397386,2022-10-18T16:45:00,metalBar,12,leather,20,Bridgewatch
T8_2H_CLAWPAIR@1,"Black Market",2,1187808,2022-10-18T16:45:00,806814,2022-10-18T16:45:00,metalBar,12,leather,20,Bridgewatch
T8_2H_CLAWPAIR@2,"Black Market",2,2600000,2022-10-18T16:45:00,505764,2022-10-18T16:45:00,metalBar,12,leather,20,Bridgewatch
T8_2H_CLAWPAIR@3,"Black Market",2,2999998,2022-10-18T16:45:00,818873,2022-10-18T16:45:00,metalBar,12,leather,20,Bridgewatch
T2_2H_QUARTERSTAFF,"Black Market",2,0,0001-01-01T00:00:00,0,0001-01-01T00:00:00,metalBar,12,leather,20,Martlock
T3_2H_QUARTERSTAFF,"Black Market",2,0,0001-01-01T00:00:00,4136,2022-10-18T16:30:00,metalBar,12,leather,20,Martlock
T4_2H_QUARTERSTAFF,"Black Market",2,0,0001-01-01T00:00:00,2632,2022-10-18T14:05:00,metalBar,12,leather,20,Martlock
T4_2H_QUARTERSTAFF@1,"Black Market",2,0,0001-01-01T00:00:00,1506,2022-10-18T03:25:00,metalBar,12,leather,20,Martlock
T4_2H_QUARTERSTAFF@2,"Black Market",2,0,0001-01-01T00:00:00,30100,2022-10-18T03:25:00,metalBar,12,leather,20,Martlock
T4_2H_QUARTERSTAFF@3,"Black Market",2,0,0001-01-01T00:00:00,99363,2022-10-18T03:25:00,metalBar,12,leather,20,Martlock
T5_2H_QUARTERSTAFF,"Black Market",2,25471,2022-10-17T21:00:00,11295,2022-10-18T16:40:00,metalBar,12,leather,20,Martlock
T5_2H_QUARTERSTAFF@1,"Black Market",2,0,0001-01-01T00:00:00,12040,2022-10-18T16:40:00,metalBar,12,leather,20,Martlock
T5_2H_QUARTERSTAFF@2,"Black Market",2,0,0001-01-01T00:00:00,90330,2022-10-18T16:40:00,metalBar,12,leather,20,Martlock
T5_2H_QUARTERSTAFF@3,"Black Market",2,0,0001-01-01T00:00:00,42147,2022-10-18T16:40:00,metalBar,12,leather,20,Martlock
T6_2H_QUARTERSTAFF,"Black Market",2,85547,2022-10-17T20:25:00,70735,2022-10-18T03:25:00,metalBar,12,leather,20,Martlock
T6_2H_QUARTERSTAFF@1,"Black Market",2,129574,2022-10-17T20:25:00,78286,2022-10-18T03:25:00,metalBar,12,leather,20,Martlock
T6_2H_QUARTERSTAFF@2,"Black Market",2,0,0001-01-01T00:00:00,343197,2022-10-18T03:25:00,metalBar,12,leather,20,Martlock
T6_2H_QUARTERSTAFF@3,"Black Market",2,0,0001-01-01T00:00:00,505764,2022-10-18T03:25:00,metalBar,12,leather,20,Martlock
T7_2H_QUARTERSTAFF,"Black Market",2,0,0001-01-01T00:00:00,132484,2022-10-18T06:55:00,metalBar,12,leather,20,Martlock
T7_2H_QUARTERSTAFF@1,"Black Market",2,0,0001-01-01T00:00:00,282987,2022-10-18T03:25:00,metalBar,12,leather,20,Martlock
T7_2H_QUARTERSTAFF@2,"Black Market",2,0,0001-01-01T00:00:00,818856,2022-10-18T06:55:00,metalBar,12,leather,20,Martlock
T7_2H_QUARTERSTAFF@3,"Black Market",2,0,0001-01-01T00:00:00,1830384,2022-10-18T14:05:00,metalBar,12,leather,20,Martlock
T8_2H_QUARTERSTAFF,"Black Market",2,380983,2022-10-18T16:45:00,120420,2022-10-18T16:35:00,metalBar,12,leather,20,Martlock
T8_2H_QUARTERSTAFF@1,"Black Market",2,0,0001-01-01T00:00:00,264924,2022-10-18T06:50:00,metalBar,12,leather,20,Martlock
T8_2H_QUARTERSTAFF@2,"Black Market",2,0,0001-01-01T00:00:00,1974888,2022-10-18T12:45:00,metalBar,12,leather,20,Martlock
T8_2H_QUARTERSTAFF@3,"Black Market",2,0,0001-01-01T00:00:00,3901689,2022-10-18T14:50:00,metalBar,12,leather,20,Martlock
T2_2H_IRONCLADEDSTAFF,"Black Market",2,0,0001-01-01T00:00:00,0,0001-01-01T00:00:00,metalBar,12,leather,20,Martlock
T3_2H_IRONCLADEDSTAFF,"Black Market",2,0,0001-01-01T00:00:00,0,0001-01-01T00:00:00,metalBar,12,leather,20,Martlock
T4_2H_IRONCLADEDSTAFF,"Black Market",2,0,0001-01-01T00:00:00,6768,2022-10-18T14:05:00,metalBar,12,leather,20,Martlock
T4_2H_IRONCLADEDSTAFF@1,"Black Market",2,0,0001-01-01T00:00:00,9789,2022-10-18T03:25:00,metalBar,12,leather,20,Martlock
T4_2H_IRONCLADEDSTAFF@2,"Black Market",2,0,0001-01-01T00:00:00,31605,2022-10-18T14:00:00,metalBar,12,leather,20,Martlock
T4_2H_IRONCLADEDSTAFF@3,"Black Market",2,0,0001-01-01T00:00:00,72264,2022-10-18T14:00:00,metalBar,12,leather,20,Martlock
T5_2H_IRONCLADEDSTAFF,"Black Market",2,0,0001-01-01T00:00:00,24096,2022-10-18T03:25:00,metalBar,12,leather,20,Martlock
T5_2H_IRONCLADEDSTAFF@1,"Black Market",2,39299,2022-10-17T20:55:00,22575,2022-10-18T03:25:00,metalBar,12,leather,20,Martlock
T5_2H_IRONCLADEDSTAFF@2,"Black Market",2,0,0001-01-01T00:00:00,45165,2022-10-18T03:25:00,metalBar,12,leather,20,Martlock
T5_2H_IRONCLADEDSTAFF@3,"Black Market",2,0,0001-01-01T00:00:00,54189,2022-10-18T03:25:00,metalBar,12,leather,20,Martlock
T6_2H_IRONCLADEDSTAFF,"Black Market",2,84900,2022-10-17T23:00:00,22575,2022-10-18T03:25:00,metalBar,12,leather,20,Martlock
T6_2H_IRONCLADEDSTAFF@1,"Black Market",2,139493,2022-10-18T09:40:00,117429,2022-10-18T09:40:00,metalBar,12,leather,20,Martlock
T6_2H_IRONCLADEDSTAFF@2,"Black Market",2,0,0001-01-01T00:00:00,48168,2022-10-18T03:25:00,metalBar,12,leather,20,Martlock
T6_2H_IRONCLADEDSTAFF@3,"Black Market",2,0,0001-01-01T00:00:00,818856,2022-10-18T03:25:00,metalBar,12,leather,20,Martlock
T7_2H_IRONCLADEDSTAFF,"Black Market",2,0,0001-01-01T00:00:00,24088,2022-10-18T03:25:00,metalBar,12,leather,20,Martlock
T7_2H_IRONCLADEDSTAFF@1,"Black Market",2,387990,2022-10-18T09:40:00,198693,2022-10-18T09:40:00,metalBar,12,leather,20,Martlock
T7_2H_IRONCLADEDSTAFF@2,"Black Market",2,0,0001-01-01T00:00:00,903150,2022-10-18T16:45:00,metalBar,12,leather,20,Martlock
T7_2H_IRONCLADEDSTAFF@3,"Black Market",2,0,0001-01-01T00:00:00,1252368,2022-10-18T06:55:00,metalBar,12,leather,20,Martlock
T8_2H_IRONCLADEDSTAFF,"Black Market",2,374993,2022-10-18T09:35:00,156546,2022-10-18T14:05:00,metalBar,12,leather,20,Martlock
T8_2H_IRONCLADEDSTAFF@1,"Black Market",2,0,0001-01-01T00:00:00,433512,2022-10-18T06:55:00,metalBar,12,leather,20,Martlock
T8_2H_IRONCLADEDSTAFF@2,"Black Market",2,0,0001-01-01T00:00:00,337176,2022-10-18T06:55:00,metalBar,12,leather,20,Martlock
T8_2H_IRONCLADEDSTAFF@3,"Black Market",2,0,0001-01-01T00:00:00,1830422,2022-10-18T14:05:00,metalBar,12,leather,20,Martlock
T2_2H_DOUBLEBLADEDSTAFF,"Black Market",2,0,0001-01-01T00:00:00,0,0001-01-01T00:00:00,metalBar,12,leather,20,Martlock
T3_2H_DOUBLEBLADEDSTAFF,"Black Market",2,0,0001-01-01T00:00:00,0,0001-01-01T00:00:00,metalBar,12,leather,20,Martlock
T4_2H_DOUBLEBLADEDSTAFF,"Black Market",2,7195,2022-10-18T14:50:00,7144,2022-10-18T14:55:00,metalBar,12,leather,20,Martlock
T4_2H_DOUBLEBLADEDSTAFF@1,"Black Market",2,13499,2022-10-18T14:55:00,3765,2022-10-18T14:55:00,metalBar,12,leather,20,Martlock
T4_2H_DOUBLEBLADEDSTAFF@2,"Black Market",2,0,0001-01-01T00:00:00,54180,2022-10-18T03:25:00,metalBar,12,leather,20,Martlock
T4_2H_DOUBLEBLADEDSTAFF@3,"Black Market",2,0,0001-01-01T00:00:00,39143,2022-10-18T14:00:00,metalBar,12,leather,20,Martlock
T5_2H_DOUBLEBLADEDSTAFF,"Black Market",2,27403,2022-10-17T21:40:00,4518,2022-10-18T03:25:00,metalBar,12,leather,20,Martlock
T5_2H_DOUBLEBLADEDSTAFF@1,"Black Market",2,46800,2022-10-17T20:50:00,33110,2022-10-18T03:25:00,metalBar,12,leather,20,Martlock
T5_2H_DOUBLEBLADEDSTAFF@2,"Black Market",2,0,0001-01-01T00:00:00,123451,2022-10-18T03:25:00,metalBar,12,leather,20,Martlock
T5_2H_DOUBLEBLADEDSTAFF@3,"Black Market",2,0,0001-01-01T00:00:00,355239,2022-10-18T14:40:00,metalBar,12,leather,20,Martlock
T6_2H_DOUBLEBLADEDSTAFF,"Black Market",2,80000,2022-10-17T21:10:00,64715,2022-10-18T03:25:00,metalBar,12,leather,20,Martlock
T6_2H_DOUBLEBLADEDSTAFF@1,"Black Market",2,147530,2022-10-17T20:15:00,54198,2022-10-18T03:25:00,metalBar,12,leather,20,Martlock
T6_2H_DOUBLEBLADEDSTAFF@2,"Black Market",2,0,0001-01-01T00:00:00,373302,2022-10-18T13:35:00,metalBar,12,leather,20,Martlock
T6_2H_DOUBLEBLADEDSTAFF@3,"Black Market",2,0,0001-01-01T00:00:00,879066,2022-10-18T16:50:00,metalBar,12,leather,20,Martlock
T7_2H_DOUBLEBLADEDSTAFF,"Black Market",2,186868,2022-10-18T12:45:00,153561,2022-10-18T12:45:00,metalBar,12,leather,20,Martlock
T7_2H_DOUBLEBLADEDSTAFF@1,"Black Market",2,0,0001-01-01T00:00:00,228798,2022-10-18T06:55:00,metalBar,12,leather,20,Martlock
T7_2H_DOUBLEBLADEDSTAFF@2,"Black Market",2,0,0001-01-01T00:00:00,722520,2022-10-18T13:20:00,metalBar,12,leather,20,Martlock
T7_2H_DOUBLEBLADEDSTAFF@3,"Black Market",2,0,0001-01-01T00:00:00,2095308,2022-10-18T03:25:00,metalBar,12,leather,20,Martlock
T8_2H_DOUBLEBLADEDSTAFF,"Black Market",2,472998,2022-10-17T19:40:00,403407,2022-10-18T06:55:00,metalBar,12,leather,20,Martlock
T8_2H_DOUBLEBLADEDSTAFF@1,"Black Market",2,0,0001-01-01T00:00:00,228798,2022-10-18T06:55:00,metalBar,12,leather,20,Martlock
T8_2H_DOUBLEBLADEDSTAFF@2,"Black Market",2,0,0001-01-01T00:00:00,1228284,2022-10-18T03:25:00,metalBar,12,leather,20,Martlock
T8_2H_DOUBLEBLADEDSTAFF@3,"Black Market",2,0,0001-01-01T00:00:00,3757182,2022-10-18T12:45:00,metalBar,12,leather,20,Martlock
T2_OFF_TORCH,"Black Market",2,0,0001-01-01T00:00:00,0,0001-01-01T00:00:00,planks,4,leather,4,Martlock
T3_OFF_TORCH,"Black Market",2,0,0001-01-01T00:00:00,1833,2022-10-18T14:15:00,planks,4,leather,4,Martlock
T4_OFF_TORCH,"Black Market",2,982,2022-10-18T14:50:00,94,2022-10-18T14:55:00,planks,4,leather,4,Martlock
T4_OFF_TORCH@1,"Black Market",2,0,0001-01-01T00:00:00,752,2022-10-18T14:15:00,planks,4,leather,4,Martlock
T4_OFF_TORCH@2,"Black Market",2,19497,2022-10-18T16:55:00,18048,2022-10-18T16:55:00,planks,4,leather,4,Martlock
T4_OFF_TORCH@3,"Black Market",2,54998,2022-10-17T20:35:00,53463,2022-10-18T14:15:00,planks,4,leather,4,Martlock
T5_OFF_TORCH,"Black Market",2,4699,2022-10-18T12:15:00,188,2022-10-18T14:55:00,planks,4,leather,4,Martlock
T5_OFF_TORCH@1,"Black Market",2,0,0001-01-01T00:00:00,8272,2022-10-18T14:15:00,planks,4,leather,4,Martlock
T5_OFF_TORCH@2,"Black Market",2,0,0001-01-01T00:00:00,6777,2022-10-18T14:15:00,planks,4,leather,4,Martlock
T5_OFF_TORCH@3,"Black Market",2,99455,2022-10-17T18:50:00,4515,2022-10-18T14:15:00,planks,4,leather,4,Martlock
T6_OFF_TORCH,"Black Market",2,15388,2022-10-18T12:25:00,3760,2022-10-18T14:15:00,planks,4,leather,4,Martlock
T6_OFF_TORCH@1,"Black Market",2,0,0001-01-01T00:00:00,9036,2022-10-18T14:15:00,planks,4,leather,4,Martlock
T6_OFF_TORCH@2,"Black Market",2,79487,2022-10-18T16:55:00,22575,2022-10-18T16:55:00,planks,4,leather,4,Martlock
T6_OFF_TORCH@3,"Black Market",2,0,0001-01-01T00:00:00,57209,2022-10-18T14:15:00,planks,4,leather,4,Martlock
T7_OFF_TORCH,"Black Market",2,54000,2022-10-18T05:05:00,41415,2022-10-18T14:15:00,planks,4,leather,4,Martlock
T7_OFF_TORCH@1,"Black Market",2,0,0001-01-01T00:00:00,36120,2022-10-18T14:15:00,planks,4,leather,4,Martlock
T7_OFF_TORCH@2,"Black Market",2,0,0001-01-01T00:00:00,201737,2022-10-18T14:15:00,planks,4,leather,4,Martlock
T7_OFF_TORCH@3,"Black Market",2,0,0001-01-01T00:00:00,553932,2022-10-18T14:15:00,planks,4,leather,4,Martlock
T8_OFF_TORCH,"Black Market",2,0,0001-01-01T00:00:00,114380,2022-10-18T14:15:00,planks,4,leather,4,Martlock
T8_OFF_TORCH@1,"Black Market",2,0,0001-01-01T00:00:00,39143,2022-10-18T14:15:00,planks,4,leather,4,Martlock
T8_OFF_TORCH@2,"Black Market",2,0,0001-01-01T00:00:00,198693,2022-10-18T14:15:00,planks,4,leather,4,Martlock
T8_OFF_TORCH@3,"Black Market",2,0,0001-01-01T00:00:00,758646,2022-10-18T14:15:00,planks,4,leather,4,Martlock
