itemId,city,quality,sellOrderPrice,sellOrderPriceDate,buyOrderPrice,buyOrderPriceDate,primaryResource,primaryResourceAmount,secondaryResource,secondaryResourceAmount
T2_HEAD_PLATE_SET1,"Black Market",2,204,2022-10-18T09:45:00,24,2022-10-18T06:20:00,metalBar,8,,
T3_HEAD_PLATE_SET1,"Black Market",2,2627,2022-10-17T18:40:00,94,2022-10-18T06:20:00,metalBar,8,,
T4_HEAD_PLATE_SET1,"Black Market",2,1217,2022-10-18T07:05:00,1128,2022-10-18T07:00:00,metalBar,8,,
T4_HEAD_PLATE_SET1@1,"Black Market",2,2600,2022-10-17T20:40:00,2444,2022-10-17T20:50:00,metalBar,8,,
T4_HEAD_PLATE_SET1@2,"Black Market",2,0,0001-01-01T00:00:00,4888,2022-10-17T20:50:00,metalBar,8,,
T4_HEAD_PLATE_SET1@3,"Black Market",2,55666,2022-10-17T14:45:00,1506,2022-10-17T20:50:00,metalBar,8,,
T5_HEAD_PLATE_SET1,"Black Market",2,4700,2022-10-18T09:45:00,4512,2022-10-18T09:45:00,metalBar,8,,
T5_HEAD_PLATE_SET1@1,"Black Market",2,7935,2022-10-17T21:05:00,3760,2022-10-17T21:05:00,metalBar,8,,
T5_HEAD_PLATE_SET1@2,"Black Market",2,0,0001-01-01T00:00:00,31626,2022-10-17T20:50:00,metalBar,8,,
T5_HEAD_PLATE_SET1@3,"Black Market",2,0,0001-01-01T00:00:00,90300,2022-10-17T20:50:00,metalBar,8,,
T6_HEAD_PLATE_SET1,"Black Market",2,14092,2022-10-18T09:45:00,11280,2022-10-18T09:45:00,metalBar,8,,
T6_HEAD_PLATE_SET1@1,"Black Market",2,30511,2022-10-18T01:35:00,20331,2022-10-17T21:25:00,metalBar,8,,
T6_HEAD_PLATE_SET1@2,"Black Market",2,0,0001-01-01T00:00:00,40635,2022-10-17T20:50:00,metalBar,8,,
T6_HEAD_PLATE_SET1@3,"Black Market",2,0,0001-01-01T00:00:00,180660,2022-10-17T20:50:00,metalBar,8,,
T7_HEAD_PLATE_SET1,"Black Market",2,33775,2022-10-17T21:35:00,17319,2022-10-17T21:35:00,metalBar,8,,
T7_HEAD_PLATE_SET1@1,"Black Market",2,96822,2022-10-17T21:35:00,30100,2022-10-17T21:35:00,metalBar,8,,
T7_HEAD_PLATE_SET1@2,"Black Market",2,0,0001-01-01T00:00:00,96352,2022-10-17T20:50:00,metalBar,8,,
T7_HEAD_PLATE_SET1@3,"Black Market",2,0,0001-01-01T00:00:00,415449,2022-10-18T06:55:00,metalBar,8,,
T8_HEAD_PLATE_SET1,"Black Market",2,0,0001-01-01T00:00:00,94815,2022-10-17T20:50:00,metalBar,8,,
T8_HEAD_PLATE_SET1@1,"Black Market",2,204994,2022-10-17T21:40:00,15055,2022-10-17T21:40:00,metalBar,8,,
T8_HEAD_PLATE_SET1@2,"Black Market",2,0,0001-01-01T00:00:00,144504,2022-10-17T20:50:00,metalBar,8,,
T8_HEAD_PLATE_SET1@3,"Black Market",2,0,0001-01-01T00:00:00,505764,2022-10-18T06:55:00,metalBar,8,,
T2_HEAD_PLATE_SET2,"Black Market",2,0,0001-01-01T00:00:00,0,0001-01-01T00:00:00,metalBar,8,,
T3_HEAD_PLATE_SET2,"Black Market",2,0,0001-01-01T00:00:00,0,0001-01-01T00:00:00,metalBar,8,,
T4_HEAD_PLATE_SET2,"Black Market",2,1259,2022-10-18T09:45:00,846,2022-10-18T09:45:00,metalBar,8,,
T4_HEAD_PLATE_SET2@1,"Black Market",2,2600,2022-10-17T20:40:00,2444,2022-10-17T20:50:00,metalBar,8,,
T4_HEAD_PLATE_SET2@2,"Black Market",2,0,0001-01-01T00:00:00,3008,2022-10-17T20:50:00,metalBar,8,,
T4_HEAD_PLATE_SET2@3,"Black Market",2,0,0001-01-01T00:00:00,15813,2022-10-17T20:50:00,metalBar,8,,
T5_HEAD_PLATE_SET2,"Black Market",2,4868,2022-10-18T09:45:00,4700,2022-10-18T09:45:00,metalBar,8,,
T5_HEAD_PLATE_SET2@1,"Black Market",2,6996,2022-10-17T21:15:00,1880,2022-10-17T21:15:00,metalBar,8,,
T5_HEAD_PLATE_SET2@2,"Black Market",2,0,0001-01-01T00:00:00,24096,2022-10-17T20:50:00,metalBar,8,,
T5_HEAD_PLATE_SET2@3,"Black Market",2,0,0001-01-01T00:00:00,115885,2022-10-17T20:50:00,metalBar,8,,
T6_HEAD_PLATE_SET2,"Black Market",2,13891,2022-10-18T09:45:00,13536,2022-10-18T09:45:00,metalBar,8,,
T6_HEAD_PLATE_SET2@1,"Black Market",2,27495,2022-10-17T21:25:00,25602,2022-10-17T21:25:00,metalBar,8,,
T6_HEAD_PLATE_SET2@2,"Black Market",2,0,0001-01-01T00:00:00,60200,2022-10-17T20:50:00,metalBar,8,,
T6_HEAD_PLATE_SET2@3,"Black Market",2,0,0001-01-01T00:00:00,30110,2022-10-17T20:50:00,metalBar,8,,
T7_HEAD_PLATE_SET2,"Black Market",2,30885,2022-10-17T21:35:00,21837,2022-10-17T21:35:00,metalBar,8,,
T7_HEAD_PLATE_SET2@1,"Black Market",2,99925,2022-10-17T12:45:00,67725,2022-10-18T06:20:00,metalBar,8,,
T7_HEAD_PLATE_SET2@2,"Black Market",2,0,0001-01-01T00:00:00,171627,2022-10-18T06:50:00,metalBar,8,,
T7_HEAD_PLATE_SET2@3,"Black Market",2,0,0001-01-01T00:00:00,162567,2022-10-18T06:50:00,metalBar,8,,
T8_HEAD_PLATE_SET2,"Black Market",2,0,0001-01-01T00:00:00,60200,2022-10-17T20:50:00,metalBar,8,,
T8_HEAD_PLATE_SET2@1,"Black Market",2,198736,2022-10-17T21:40:00,138506,2022-10-18T06:20:00,metalBar,8,,
T8_HEAD_PLATE_SET2@2,"Black Market",2,0,0001-01-01T00:00:00,415449,2022-10-18T06:55:00,metalBar,8,,
T8_HEAD_PLATE_SET2@3,"Black Market",2,0,0001-01-01T00:00:00,722520,2022-10-18T06:55:00,metalBar,8,,
T2_HEAD_PLATE_SET3,"Black Market",2,0,0001-01-01T00:00:00,0,0001-01-01T00:00:00,metalBar,8,,
T3_HEAD_PLATE_SET3,"Black Market",2,0,0001-01-01T00:00:00,0,0001-01-01T00:00:00,metalBar,8,,
T4_HEAD_PLATE_SET3,"Black Market",2,1024,2022-10-18T07:00:00,940,2022-10-18T09:45:00,metalBar,8,,
T4_HEAD_PLATE_SET3@1,"Black Market",2,3308,2022-10-17T20:40:00,2820,2022-10-17T21:25:00,metalBar,8,,
T4_HEAD_PLATE_SET3@2,"Black Market",2,0,0001-01-01T00:00:00,4888,2022-10-17T21:15:00,metalBar,8,,
T4_HEAD_PLATE_SET3@3,"Black Market",2,0,0001-01-01T00:00:00,21837,2022-10-17T21:15:00,metalBar,8,,
T5_HEAD_PLATE_SET3,"Black Market",2,4722,2022-10-18T09:45:00,564,2022-10-18T09:45:00,metalBar,8,,
T5_HEAD_PLATE_SET3@1,"Black Market",2,8395,2022-10-17T21:05:00,8272,2022-10-17T21:05:00,metalBar,8,,
T5_HEAD_PLATE_SET3@2,"Black Market",2,0,0001-01-01T00:00:00,5271,2022-10-17T20:50:00,metalBar,8,,
T5_HEAD_PLATE_SET3@3,"Black Market",2,0,0001-01-01T00:00:00,102340,2022-10-17T21:15:00,metalBar,8,,
T6_HEAD_PLATE_SET3,"Black Market",2,14780,2022-10-18T09:45:00,2256,2022-10-18T09:45:00,metalBar,8,,
T6_HEAD_PLATE_SET3@1,"Black Market",2,29279,2022-10-18T06:20:00,14307,2022-10-18T06:25:00,metalBar,8,,
T6_HEAD_PLATE_SET3@2,"Black Market",2,105000,2022-10-17T12:00:00,60200,2022-10-17T21:15:00,metalBar,8,,
T6_HEAD_PLATE_SET3@3,"Black Market",2,0,0001-01-01T00:00:00,156572,2022-10-17T21:15:00,metalBar,8,,
T7_HEAD_PLATE_SET3,"Black Market",2,34489,2022-10-17T21:35:00,27108,2022-10-17T21:35:00,metalBar,8,,
T7_HEAD_PLATE_SET3@1,"Black Market",2,104479,2022-10-17T12:45:00,81270,2022-10-17T21:15:00,metalBar,8,,
T7_HEAD_PLATE_SET3@2,"Black Market",2,0,0001-01-01T00:00:00,111407,2022-10-18T06:55:00,metalBar,8,,
T7_HEAD_PLATE_SET3@3,"Black Market",2,0,0001-01-01T00:00:00,391365,2022-10-18T06:55:00,metalBar,8,,
T8_HEAD_PLATE_SET3,"Black Market",2,118985,2022-10-17T21:40:00,33110,2022-10-17T21:40:00,metalBar,8,,
T8_HEAD_PLATE_SET3@1,"Black Market",2,0,0001-01-01T00:00:00,102374,2022-10-17T21:15:00,metalBar,8,,
T8_HEAD_PLATE_SET3@2,"Black Market",2,0,0001-01-01T00:00:00,204714,2022-10-18T06:55:00,metalBar,8,,
T8_HEAD_PLATE_SET3@3,"Black Market",2,0,0001-01-01T00:00:00,180630,2022-10-18T06:55:00,metalBar,8,,
T2_SHOES_PLATE_SET1,"Black Market",2,265,2022-10-17T18:20:00,48,2022-10-18T06:20:00,metalBar,8,,
T3_SHOES_PLATE_SET1,"Black Market",2,0,0001-01-01T00:00:00,2444,2022-10-17T20:50:00,metalBar,8,,
T4_SHOES_PLATE_SET1,"Black Market",2,1050,2022-10-17T20:50:00,1034,2022-10-17T20:50:00,metalBar,8,,
T4_SHOES_PLATE_SET1@1,"Black Market",2,2080,2022-10-17T20:45:00,2068,2022-10-17T20:50:00,metalBar,8,,
T4_SHOES_PLATE_SET1@2,"Black Market",2,0,0001-01-01T00:00:00,4888,2022-10-17T20:50:00,metalBar,8,,
T4_SHOES_PLATE_SET1@3,"Black Market",2,0,0001-01-01T00:00:00,18072,2022-10-17T20:50:00,metalBar,8,,
T5_SHOES_PLATE_SET1,"Black Market",2,4693,2022-10-17T21:40:00,4512,2022-10-17T21:40:00,metalBar,8,,
T5_SHOES_PLATE_SET1@1,"Black Market",2,8208,2022-10-17T21:10:00,6016,2022-10-17T21:10:00,metalBar,8,,
T5_SHOES_PLATE_SET1@2,"Black Market",2,0,0001-01-01T00:00:00,16566,2022-10-17T20:50:00,metalBar,8,,
T5_SHOES_PLATE_SET1@3,"Black Market",2,0,0001-01-01T00:00:00,57190,2022-10-17T20:50:00,metalBar,8,,
T6_SHOES_PLATE_SET1,"Black Market",2,15077,2022-10-18T05:10:00,12784,2022-10-18T05:10:00,metalBar,8,,
T6_SHOES_PLATE_SET1@1,"Black Market",2,27999,2022-10-17T21:30:00,27861,2022-10-17T21:30:00,metalBar,8,,
T6_SHOES_PLATE_SET1@2,"Black Market",2,0,0001-01-01T00:00:00,70735,2022-10-17T20:50:00,metalBar,8,,
T6_SHOES_PLATE_SET1@3,"Black Market",2,197985,2022-10-17T16:50:00,66242,2022-10-17T20:50:00,metalBar,8,,
T7_SHOES_PLATE_SET1,"Black Market",2,37144,2022-10-17T21:35:00,27108,2022-10-17T21:35:00,metalBar,8,,
T7_SHOES_PLATE_SET1@1,"Black Market",2,85806,2022-10-17T21:35:00,31605,2022-10-17T21:35:00,metalBar,8,,
T7_SHOES_PLATE_SET1@2,"Black Market",2,0,0001-01-01T00:00:00,201737,2022-10-18T06:55:00,metalBar,8,,
T7_SHOES_PLATE_SET1@3,"Black Market",2,0,0001-01-01T00:00:00,301050,2022-10-18T06:50:00,metalBar,8,,
T8_SHOES_PLATE_SET1,"Black Market",2,102496,2022-10-17T21:40:00,48160,2022-10-17T21:40:00,metalBar,8,,
T8_SHOES_PLATE_SET1@1,"Black Market",2,230998,2022-10-17T21:40:00,30110,2022-10-17T21:40:00,metalBar,8,,
T8_SHOES_PLATE_SET1@2,"Black Market",2,0,0001-01-01T00:00:00,264924,2022-10-18T06:55:00,metalBar,8,,
T8_SHOES_PLATE_SET1@3,"Black Market",2,0,0001-01-01T00:00:00,650268,2022-10-18T06:55:00,metalBar,8,,
T2_SHOES_PLATE_SET2,"Black Market",2,0,0001-01-01T00:00:00,0,0001-01-01T00:00:00,metalBar,8,,
T3_SHOES_PLATE_SET2,"Black Market",2,0,0001-01-01T00:00:00,0,0001-01-01T00:00:00,metalBar,8,,
T4_SHOES_PLATE_SET2,"Black Market",2,1828,2022-10-17T20:45:00,1692,2022-10-17T20:50:00,metalBar,8,,
T4_SHOES_PLATE_SET2@1,"Black Market",2,2898,2022-10-17T20:45:00,2820,2022-10-17T20:50:00,metalBar,8,,
T4_SHOES_PLATE_SET2@2,"Black Market",2,0,0001-01-01T00:00:00,6392,2022-10-17T20:50:00,metalBar,8,,
T4_SHOES_PLATE_SET2@3,"Black Market",2,0,0001-01-01T00:00:00,39156,2022-10-17T20:50:00,metalBar,8,,
T5_SHOES_PLATE_SET2,"Black Market",2,4911,2022-10-17T21:10:00,4888,2022-10-17T21:10:00,metalBar,8,,
T5_SHOES_PLATE_SET2@1,"Black Market",2,10723,2022-10-17T14:55:00,6392,2022-10-17T19:35:00,metalBar,8,,
T5_SHOES_PLATE_SET2@2,"Black Market",2,0,0001-01-01T00:00:00,50451,2022-10-17T20:50:00,metalBar,8,,
T5_SHOES_PLATE_SET2@3,"Black Market",2,0,0001-01-01T00:00:00,27090,2022-10-17T20:50:00,metalBar,8,,
T6_SHOES_PLATE_SET2,"Black Market",2,14877,2022-10-18T02:45:00,14664,2022-10-18T02:45:00,metalBar,8,,
T6_SHOES_PLATE_SET2@1,"Black Market",2,26906,2022-10-17T21:30:00,21084,2022-10-18T06:20:00,metalBar,8,,
T6_SHOES_PLATE_SET2@2,"Black Market",2,0,0001-01-01T00:00:00,7525,2022-10-17T20:50:00,metalBar,8,,
T6_SHOES_PLATE_SET2@3,"Black Market",2,0,0001-01-01T00:00:00,204748,2022-10-18T06:20:00,metalBar,8,,
T7_SHOES_PLATE_SET2,"Black Market",2,35999,2022-10-17T21:35:00,11295,2022-10-17T21:35:00,metalBar,8,,
T7_SHOES_PLATE_SET2@1,"Black Market",2,99996,2022-10-17T20:50:00,61705,2022-10-18T06:20:00,metalBar,8,,
T7_SHOES_PLATE_SET2@2,"Black Market",2,0,0001-01-01T00:00:00,135495,2022-10-18T06:55:00,metalBar,8,,
T7_SHOES_PLATE_SET2@3,"Black Market",2,0,0001-01-01T00:00:00,481680,2022-10-18T06:55:00,metalBar,8,,
T8_SHOES_PLATE_SET2,"Black Market",2,120000,2022-10-17T15:55:00,12040,2022-10-17T20:50:00,metalBar,8,,
T8_SHOES_PLATE_SET2@1,"Black Market",2,0,0001-01-01T00:00:00,48176,2022-10-18T06:20:00,metalBar,8,,
T8_SHOES_PLATE_SET2@2,"Black Market",2,0,0001-01-01T00:00:00,421470,2022-10-18T06:55:00,metalBar,8,,
T8_SHOES_PLATE_SET2@3,"Black Market",2,0,0001-01-01T00:00:00,734562,2022-10-18T06:55:00,metalBar,8,,
T2_SHOES_PLATE_SET3,"Black Market",2,0,0001-01-01T00:00:00,0,0001-01-01T00:00:00,metalBar,8,,
T3_SHOES_PLATE_SET3,"Black Market",2,0,0001-01-01T00:00:00,0,0001-01-01T00:00:00,metalBar,8,,
T4_SHOES_PLATE_SET3,"Black Market",2,1012,2022-10-17T20:50:00,940,2022-10-17T20:50:00,metalBar,8,,
T4_SHOES_PLATE_SET3@1,"Black Market",2,2845,2022-10-18T06:35:00,2820,2022-10-18T06:35:00,metalBar,8,,
T4_SHOES_PLATE_SET3@2,"Black Market",2,0,0001-01-01T00:00:00,2256,2022-10-17T20:50:00,metalBar,8,,
T4_SHOES_PLATE_SET3@3,"Black Market",2,0,0001-01-01T00:00:00,18825,2022-10-17T20:50:00,metalBar,8,,
T5_SHOES_PLATE_SET3,"Black Market",2,4724,2022-10-17T17:30:00,4700,2022-10-17T20:50:00,metalBar,8,,
T5_SHOES_PLATE_SET3@1,"Black Market",2,10106,2022-10-17T21:15:00,1504,2022-10-17T21:15:00,metalBar,8,,
T5_SHOES_PLATE_SET3@2,"Black Market",2,0,0001-01-01T00:00:00,43674,2022-10-17T21:30:00,metalBar,8,,
T5_SHOES_PLATE_SET3@3,"Black Market",2,0,0001-01-01T00:00:00,91805,2022-10-17T20:50:00,metalBar,8,,
T6_SHOES_PLATE_SET3,"Black Market",2,19928,2022-10-18T05:10:00,8272,2022-10-18T05:10:00,metalBar,8,,
T6_SHOES_PLATE_SET3@1,"Black Market",2,27365,2022-10-17T21:30:00,27108,2022-10-17T21:30:00,metalBar,8,,
T6_SHOES_PLATE_SET3@2,"Black Market",2,0,0001-01-01T00:00:00,66220,2022-10-17T21:30:00,metalBar,8,,
T6_SHOES_PLATE_SET3@3,"Black Market",2,0,0001-01-01T00:00:00,216792,2022-10-17T21:30:00,metalBar,8,,
T7_SHOES_PLATE_SET3,"Black Market",2,42996,2022-10-17T21:35:00,30873,2022-10-17T21:35:00,metalBar,8,,
T7_SHOES_PLATE_SET3@1,"Black Market",2,93980,2022-10-17T20:50:00,72240,2022-10-17T21:30:00,metalBar,8,,
T7_SHOES_PLATE_SET3@2,"Black Market",2,0,0001-01-01T00:00:00,132484,2022-10-18T06:55:00,metalBar,8,,
T7_SHOES_PLATE_SET3@3,"Black Market",2,0,0001-01-01T00:00:00,397386,2022-10-18T06:55:00,metalBar,8,,
T8_SHOES_PLATE_SET3,"Black Market",2,94980,2022-10-17T21:40:00,73745,2022-10-17T21:40:00,metalBar,8,,
T8_SHOES_PLATE_SET3@1,"Black Market",2,0,0001-01-01T00:00:00,171627,2022-10-17T21:30:00,metalBar,8,,
T8_SHOES_PLATE_SET3@2,"Black Market",2,0,0001-01-01T00:00:00,192672,2022-10-17T21:30:00,metalBar,8,,
T8_SHOES_PLATE_SET3@3,"Black Market",2,0,0001-01-01T00:00:00,397386,2022-10-18T06:55:00,metalBar,8,,
T2_MAIN_SWORD,"Black Market",2,1349,2022-10-17T14:40:00,284,2022-10-18T03:25:00,metalBar,16,leather,8
T3_MAIN_SWORD,"Black Market",2,2515,2022-10-18T06:40:00,1551,2022-10-18T03:25:00,metalBar,16,leather,8
T4_MAIN_SWORD,"Black Market",2,3388,2022-10-18T06:35:00,1128,2022-10-18T06:40:00,metalBar,16,leather,8
T4_MAIN_SWORD@1,"Black Market",2,9035,2022-10-18T06:35:00,3948,2022-10-18T04:45:00,metalBar,16,leather,8
T4_MAIN_SWORD@2,"Black Market",2,0,0001-01-01T00:00:00,30483,2022-10-18T03:25:00,metalBar,16,leather,8
T4_MAIN_SWORD@3,"Black Market",2,0,0001-01-01T00:00:00,31612,2022-10-18T03:25:00,metalBar,16,leather,8
T5_MAIN_SWORD,"Black Market",2,13232,2022-10-17T21:05:00,14664,2022-10-18T03:25:00,metalBar,16,leather,8
T5_MAIN_SWORD@1,"Black Market",2,18037,2022-10-17T21:10:00,14677,2022-10-18T03:25:00,metalBar,16,leather,8
T5_MAIN_SWORD@2,"Black Market",2,0,0001-01-01T00:00:00,22580,2022-10-18T03:25:00,metalBar,16,leather,8
T5_MAIN_SWORD@3,"Black Market",2,0,0001-01-01T00:00:00,94836,2022-10-18T03:25:00,metalBar,16,leather,8
T6_MAIN_SWORD,"Black Market",2,44432,2022-10-17T21:30:00,29354,2022-10-18T03:25:00,metalBar,16,leather,8
T6_MAIN_SWORD@1,"Black Market",2,94940,2022-10-17T20:50:00,6774,2022-10-18T03:25:00,metalBar,16,leather,8
T6_MAIN_SWORD@2,"Black Market",2,0,0001-01-01T00:00:00,135480,2022-10-18T03:25:00,metalBar,16,leather,8
T6_MAIN_SWORD@3,"Black Market",2,0,0001-01-01T00:00:00,523856,2022-10-18T03:25:00,metalBar,16,leather,8
T7_MAIN_SWORD,"Black Market",2,0,0001-01-01T00:00:00,117416,2022-10-18T06:55:00,metalBar,16,leather,8
T7_MAIN_SWORD@1,"Black Market",2,0,0001-01-01T00:00:00,112900,2022-10-18T06:55:00,metalBar,16,leather,8
T7_MAIN_SWORD@2,"Black Market",2,0,0001-01-01T00:00:00,578048,2022-10-18T06:50:00,metalBar,16,leather,8
T7_MAIN_SWORD@3,"Black Market",2,0,0001-01-01T00:00:00,794772,2022-10-18T06:55:00,metalBar,16,leather,8
T8_MAIN_SWORD,"Black Market",2,0,0001-01-01T00:00:00,316120,2022-10-18T03:25:00,metalBar,16,leather,8
T8_MAIN_SWORD@1,"Black Market",2,0,0001-01-01T00:00:00,478696,2022-10-18T06:55:00,metalBar,16,leather,8
T8_MAIN_SWORD@2,"Black Market",2,0,0001-01-01T00:00:00,1174095,2022-10-18T06:55:00,metalBar,16,leather,8
T8_MAIN_SWORD@3,"Black Market",2,0,0001-01-01T00:00:00,1625715,2022-10-18T03:25:00,metalBar,16,leather,8
T2_2H_CLAYMORE,"Black Market",2,0,0001-01-01T00:00:00,0,0001-01-01T00:00:00,metalBar,20,leather,12
T3_2H_CLAYMORE,"Black Market",2,0,0001-01-01T00:00:00,0,0001-01-01T00:00:00,metalBar,20,leather,12
T4_2H_CLAYMORE,"Black Market",2,5099,2022-10-17T14:40:00,752,2022-10-18T03:25:00,metalBar,20,leather,12
T4_2H_CLAYMORE@1,"Black Market",2,10299,2022-10-17T14:40:00,1506,2022-10-18T03:25:00,metalBar,20,leather,12
T4_2H_CLAYMORE@2,"Black Market",2,0,0001-01-01T00:00:00,34615,2022-10-18T03:25:00,metalBar,20,leather,12
T4_2H_CLAYMORE@3,"Black Market",2,0,0001-01-01T00:00:00,90330,2022-10-18T03:25:00,metalBar,20,leather,12
T5_2H_CLAYMORE,"Black Market",2,20407,2022-10-17T20:50:00,18072,2022-10-18T03:25:00,metalBar,20,leather,12
T5_2H_CLAYMORE@1,"Black Market",2,31844,2022-10-17T20:50:00,6020,2022-10-18T03:25:00,metalBar,20,leather,12
T5_2H_CLAYMORE@2,"Black Market",2,0,0001-01-01T00:00:00,99363,2022-10-18T03:25:00,metalBar,20,leather,12
T5_2H_CLAYMORE@3,"Black Market",2,0,0001-01-01T00:00:00,307071,2022-10-18T03:25:00,metalBar,20,leather,12
T6_2H_CLAYMORE,"Black Market",2,52000,2022-10-17T21:15:00,10535,2022-10-17T21:10:00,metalBar,20,leather,12
T6_2H_CLAYMORE@1,"Black Market",2,123783,2022-10-17T21:10:00,30110,2022-10-18T03:25:00,metalBar,20,leather,12
T6_2H_CLAYMORE@2,"Black Market",2,0,0001-01-01T00:00:00,174609,2022-10-18T03:25:00,metalBar,20,leather,12
T6_2H_CLAYMORE@3,"Black Market",2,0,0001-01-01T00:00:00,12042,2022-10-18T03:25:00,metalBar,20,leather,12
T7_2H_CLAYMORE,"Black Market",2,172986,2022-10-17T18:50:00,72264,2022-10-18T06:55:00,metalBar,20,leather,12
T7_2H_CLAYMORE@1,"Black Market",2,0,0001-01-01T00:00:00,90315,2022-10-18T06:55:00,metalBar,20,leather,12
T7_2H_CLAYMORE@2,"Black Market",2,0,0001-01-01T00:00:00,144504,2022-10-18T06:55:00,metalBar,20,leather,12
T7_2H_CLAYMORE@3,"Black Market",2,0,0001-01-01T00:00:00,674352,2022-10-18T06:50:00,metalBar,20,leather,12
T8_2H_CLAYMORE,"Black Market",2,0,0001-01-01T00:00:00,186651,2022-10-18T06:55:00,metalBar,20,leather,12
T8_2H_CLAYMORE@1,"Black Market",2,0,0001-01-01T00:00:00,289008,2022-10-18T06:55:00,metalBar,20,leather,12
T8_2H_CLAYMORE@2,"Black Market",2,0,0001-01-01T00:00:00,1131948,2022-10-18T06:55:00,metalBar,20,leather,12
T8_2H_CLAYMORE@3,"Black Market",2,0,0001-01-01T00:00:00,818873,2022-10-18T06:55:00,metalBar,20,leather,12
T2_2h_DUALSWORD,"Black Market",2,0,0001-01-01T00:00:00,0,0001-01-01T00:00:00,metalBar,20,leather,12
T3_2h_DUALSWORD,"Black Market",2,0,0001-01-01T00:00:00,0,0001-01-01T00:00:00,metalBar,20,leather,12
T4_2H_DUALSWORD,"Black Market",2,5773,2022-10-17T14:40:00,4888,2022-10-18T03:25:00,metalBar,20,leather,12
T4_2H_DUALSWORD@1,"Black Market",2,11198,2022-10-17T13:25:00,3765,2022-10-17T20:40:00,metalBar,20,leather,12
T4_2H_DUALSWORD@2,"Black Market",2,0,0001-01-01T00:00:00,45150,2022-10-18T03:25:00,metalBar,20,leather,12
T4_2H_DUALSWORD@3,"Black Market",2,0,0001-01-01T00:00:00,57209,2022-10-18T03:25:00,metalBar,20,leather,12
T5_2H_DUALSWORD,"Black Market",2,21980,2022-10-17T20:50:00,14307,2022-10-18T03:25:00,metalBar,20,leather,12
T5_2H_DUALSWORD@1,"Black Market",2,34603,2022-10-17T20:50:00,13545,2022-10-18T03:25:00,metalBar,20,leather,12
T5_2H_DUALSWORD@2,"Black Market",2,0,0001-01-01T00:00:00,81297,2022-10-18T03:25:00,metalBar,20,leather,12
T5_2H_DUALSWORD@3,"Black Market",2,0,0001-01-01T00:00:00,325134,2022-10-18T03:25:00,metalBar,20,leather,12
T6_2H_DUALSWORD,"Black Market",2,62948,2022-10-17T21:15:00,49665,2022-10-18T03:25:00,metalBar,20,leather,12
T6_2H_DUALSWORD@1,"Black Market",2,117760,2022-10-17T21:15:00,69253,2022-10-18T03:25:00,metalBar,20,leather,12
T6_2H_DUALSWORD@2,"Black Market",2,0,0001-01-01T00:00:00,96336,2022-10-18T03:25:00,metalBar,20,leather,12
T6_2H_DUALSWORD@3,"Black Market",2,0,0001-01-01T00:00:00,72252,2022-10-18T03:25:00,metalBar,20,leather,12
T7_2H_DUALSWORD,"Black Market",2,174988,2022-10-17T15:50:00,72264,2022-10-18T06:55:00,metalBar,20,leather,12
T7_2H_DUALSWORD@1,"Black Market",2,0,0001-01-01T00:00:00,270945,2022-10-18T03:25:00,metalBar,20,leather,12
T7_2H_DUALSWORD@2,"Black Market",2,0,0001-01-01T00:00:00,204714,2022-10-18T06:55:00,metalBar,20,leather,12
T7_2H_DUALSWORD@3,"Black Market",2,0,0001-01-01T00:00:00,987444,2022-10-18T06:55:00,metalBar,20,leather,12
T8_2H_DUALSWORD,"Black Market",2,0,0001-01-01T00:00:00,144504,2022-10-18T06:55:00,metalBar,20,leather,12
T8_2H_DUALSWORD@1,"Black Market",2,0,0001-01-01T00:00:00,276966,2022-10-18T06:50:00,metalBar,20,leather,12
T8_2H_DUALSWORD@2,"Black Market",2,0,0001-01-01T00:00:00,1565460,2022-10-18T03:25:00,metalBar,20,leather,12
T8_2H_DUALSWORD@3,"Black Market",2,0,0001-01-01T00:00:00,2312112,2022-10-18T06:55:00,metalBar,20,leather,12
T2_MAIN_AXE,"Black Market",2,0,0001-01-01T00:00:00,0,0001-01-01T00:00:00,metalBar,16,planks,8
T3_MAIN_AXE,"Black Market",2,1934,2022-10-18T06:35:00,423,2022-10-18T06:40:00,metalBar,16,planks,8
T4_MAIN_AXE,"Black Market",2,2284,2022-10-17T14:40:00,1692,2022-10-18T03:30:00,metalBar,16,planks,8
T4_MAIN_AXE@1,"Black Market",2,0,0001-01-01T00:00:00,3384,2022-10-17T12:55:00,metalBar,16,planks,8
T4_MAIN_AXE@2,"Black Market",2,0,0001-01-01T00:00:00,3387,2022-10-18T03:30:00,metalBar,16,planks,8
T4_MAIN_AXE@3,"Black Market",2,0,0001-01-01T00:00:00,45160,2022-10-18T03:30:00,metalBar,16,planks,8
T5_MAIN_AXE,"Black Market",2,9187,2022-10-17T21:05:00,5076,2022-10-18T03:30:00,metalBar,16,planks,8
T5_MAIN_AXE@1,"Black Market",2,24865,2022-10-17T21:05:00,2258,2022-10-18T03:30:00,metalBar,16,planks,8
T5_MAIN_AXE@2,"Black Market",2,0,0001-01-01T00:00:00,33870,2022-10-18T03:30:00,metalBar,16,planks,8
T5_MAIN_AXE@3,"Black Market",2,0,0001-01-01T00:00:00,162576,2022-10-18T03:30:00,metalBar,16,planks,8
T6_MAIN_AXE,"Black Market",2,42995,2022-10-17T21:25:00,40644,2022-10-18T03:30:00,metalBar,16,planks,8
T6_MAIN_AXE@1,"Black Market",2,88090,2022-10-17T21:25:00,65482,2022-10-18T03:30:00,metalBar,16,planks,8
T6_MAIN_AXE@2,"Black Market",2,326898,2022-10-18T09:10:00,144512,2022-10-18T09:10:00,metalBar,16,planks,8
T6_MAIN_AXE@3,"Black Market",2,0,0001-01-01T00:00:00,569016,2022-10-18T03:30:00,metalBar,16,planks,8
T7_MAIN_AXE,"Black Market",2,111103,2022-10-18T09:15:00,36128,2022-10-18T09:15:00,metalBar,16,planks,8
T7_MAIN_AXE@1,"Black Market",2,0,0001-01-01T00:00:00,99352,2022-10-18T09:05:00,metalBar,16,planks,8
T7_MAIN_AXE@2,"Black Market",2,0,0001-01-01T00:00:00,234832,2022-10-18T09:05:00,metalBar,16,planks,8
T7_MAIN_AXE@3,"Black Market",2,0,0001-01-01T00:00:00,650268,2022-10-18T09:05:00,metalBar,16,planks,8
T8_MAIN_AXE,"Black Market",2,248720,2022-10-18T09:10:00,153544,2022-10-18T06:55:00,metalBar,16,planks,8
T8_MAIN_AXE@1,"Black Market",2,0,0001-01-01T00:00:00,270960,2022-10-18T06:50:00,metalBar,16,planks,8
T8_MAIN_AXE@2,"Black Market",2,0,0001-01-01T00:00:00,451575,2022-10-18T06:55:00,metalBar,16,planks,8
T8_MAIN_AXE@3,"Black Market",2,0,0001-01-01T00:00:00,867048,2022-10-18T06:55:00,metalBar,16,planks,8
T2_2H_AXE,"Black Market",2,0,0001-01-01T00:00:00,0,0001-01-01T00:00:00,metalBar,20,planks,12
T3_2H_AXE,"Black Market",2,0,0001-01-01T00:00:00,0,0001-01-01T00:00:00,metalBar,20,planks,12
T4_2H_AXE,"Black Market",2,4080,2022-10-17T18:20:00,3384,2022-10-18T03:30:00,metalBar,20,planks,12
T4_2H_AXE@1,"Black Market",2,0,0001-01-01T00:00:00,753,2022-10-18T03:30:00,metalBar,20,planks,12
T4_2H_AXE@2,"Black Market",2,0,0001-01-01T00:00:00,4515,2022-10-18T03:30:00,metalBar,20,planks,12
T4_2H_AXE@3,"Black Market",2,0,0001-01-01T00:00:00,135495,2022-10-18T03:30:00,metalBar,20,planks,12
T5_2H_AXE,"Black Market",2,15316,2022-10-18T09:35:00,7530,2022-10-18T05:10:00,metalBar,20,planks,12
T5_2H_AXE@1,"Black Market",2,30893,2022-10-18T09:10:00,18060,2022-10-18T09:05:00,metalBar,20,planks,12
T5_2H_AXE@2,"Black Market",2,0,0001-01-01T00:00:00,51187,2022-10-18T03:30:00,metalBar,20,planks,12
T5_2H_AXE@3,"Black Market",2,0,0001-01-01T00:00:00,361260,2022-10-18T03:30:00,metalBar,20,planks,12
T6_2H_AXE,"Black Market",2,65999,2022-10-18T05:05:00,55685,2022-10-18T05:10:00,metalBar,20,planks,12
T6_2H_AXE@1,"Black Market",2,107900,2022-10-18T09:35:00,105385,2022-10-18T09:35:00,metalBar,20,planks,12
T6_2H_AXE@2,"Black Market",2,0,0001-01-01T00:00:00,234819,2022-10-18T03:30:00,metalBar,20,planks,12
T6_2H_AXE@3,"Black Market",2,889968,2022-10-17T15:50:00,216756,2022-10-18T03:30:00,metalBar,20,planks,12
T7_2H_AXE,"Black Market",2,123988,2022-10-17T19:05:00,57209,2022-10-18T09:35:00,metalBar,20,planks,12
T7_2H_AXE@1,"Black Market",2,0,0001-01-01T00:00:00,114399,2022-10-18T09:35:00,metalBar,20,planks,12
T7_2H_AXE@2,"Black Market",2,0,0001-01-01T00:00:00,289008,2022-10-18T09:35:00,metalBar,20,planks,12
T7_2H_AXE@3,"Black Market",2,0,0001-01-01T00:00:00,939276,2022-10-18T09:35:00,metalBar,20,planks,12
T8_2H_AXE,"Black Market",2,0,0001-01-01T00:00:00,18063,2022-10-18T03:30:00,metalBar,20,planks,12
T8_2H_AXE@1,"Black Market",2,0,0001-01-01T00:00:00,529848,2022-10-18T06:55:00,metalBar,20,planks,12
T8_2H_AXE@2,"Black Market",2,0,0001-01-01T00:00:00,602100,2022-10-18T06:55:00,metalBar,20,planks,12
T8_2H_AXE@3,"Black Market",2,0,0001-01-01T00:00:00,1204225,2022-10-18T06:55:00,metalBar,20,planks,12
T2_2h_HALBERD,"Black Market",2,0,0001-01-01T00:00:00,0,0001-01-01T00:00:00,metalBar,12,planks,20
T3_2h_HALBERD,"Black Market",2,0,0001-01-01T00:00:00,0,0001-01-01T00:00:00,metalBar,12,planks,20
T4_2H_HALBERD,"Black Market",2,5818,2022-10-17T14:40:00,5640,2022-10-18T03:30:00,metalBar,12,planks,20
T4_2H_HALBERD@1,"Black Market",2,0,0001-01-01T00:00:00,4518,2022-10-18T03:30:00,metalBar,12,planks,20
T4_2H_HALBERD@2,"Black Market",2,0,0001-01-01T00:00:00,16555,2022-10-18T03:30:00,metalBar,12,planks,20
T4_2H_HALBERD@3,"Black Market",2,0,0001-01-01T00:00:00,117429,2022-10-18T03:30:00,metalBar,12,planks,20
T5_2H_HALBERD,"Black Market",2,16431,2022-10-17T20:50:00,6777,2022-10-18T03:30:00,metalBar,12,planks,20
T5_2H_HALBERD@1,"Black Market",2,29944,2022-10-17T20:50:00,15050,2022-10-18T03:30:00,metalBar,12,planks,20
T5_2H_HALBERD@2,"Black Market",2,0,0001-01-01T00:00:00,90330,2022-10-18T03:30:00,metalBar,12,planks,20
T5_2H_HALBERD@3,"Black Market",2,0,0001-01-01T00:00:00,331155,2022-10-18T03:30:00,metalBar,12,planks,20
T6_2H_HALBERD,"Black Market",2,49798,2022-10-17T21:15:00,3010,2022-10-18T03:30:00,metalBar,12,planks,20
T6_2H_HALBERD@1,"Black Market",2,88776,2022-10-17T21:15:00,54198,2022-10-18T03:30:00,metalBar,12,planks,20
T6_2H_HALBERD@2,"Black Market",2,0,0001-01-01T00:00:00,168588,2022-10-18T03:30:00,metalBar,12,planks,20
T6_2H_HALBERD@3,"Black Market",2,0,0001-01-01T00:00:00,746604,2022-10-18T03:30:00,metalBar,12,planks,20
T7_2H_HALBERD,"Black Market",2,111787,2022-10-17T19:05:00,108396,2022-10-18T06:55:00,metalBar,12,planks,20
T7_2H_HALBERD@1,"Black Market",2,0,0001-01-01T00:00:00,66231,2022-10-18T06:55:00,metalBar,12,planks,20
T7_2H_HALBERD@2,"Black Market",2,0,0001-01-01T00:00:00,445554,2022-10-18T06:55:00,metalBar,12,planks,20
T7_2H_HALBERD@3,"Black Market",2,0,0001-01-01T00:00:00,770688,2022-10-18T06:55:00,metalBar,12,planks,20
T8_2H_HALBERD,"Black Market",2,327994,2022-10-17T19:00:00,162567,2022-10-18T06:55:00,metalBar,12,planks,20
T8_2H_HALBERD@1,"Black Market",2,0,0001-01-01T00:00:00,276966,2022-10-18T06:50:00,metalBar,12,planks,20
T8_2H_HALBERD@2,"Black Market",2,0,0001-01-01T00:00:00,770688,2022-10-18T06:55:00,metalBar,12,planks,20
T8_2H_HALBERD@3,"Black Market",2,0,0001-01-01T00:00:00,2023098,2022-10-18T06:55:00,metalBar,12,planks,20
T2_MAIN_MACE,"Black Market",2,0,0001-01-01T00:00:00,0,0001-01-01T00:00:00,metalBar,16,cloth,8
T3_MAIN_MACE,"Black Market",2,0,0001-01-01T00:00:00,3807,2022-10-18T03:30:00,metalBar,16,cloth,8
T4_MAIN_MACE,"Black Market",2,2950,2022-10-17T23:55:00,2820,2022-10-18T03:30:00,metalBar,16,cloth,8
T4_MAIN_MACE@1,"Black Market",2,8982,2022-10-17T19:40:00,564,2022-10-18T03:30:00,metalBar,16,cloth,8
T4_MAIN_MACE@2,"Black Market",2,28351,2022-10-17T19:40:00,28225,2022-10-17T19:45:00,metalBar,16,cloth,8
T4_MAIN_MACE@3,"Black Market",2,106659,2022-10-17T19:40:00,4516,2022-10-18T03:30:00,metalBar,16,cloth,8
T5_MAIN_MACE,"Black Market",2,11064,2022-10-17T21:45:00,5640,2022-10-18T03:30:00,metalBar,16,cloth,8
T5_MAIN_MACE@1,"Black Market",2,29795,2022-10-17T20:15:00,3387,2022-10-18T03:30:00,metalBar,16,cloth,8
T5_MAIN_MACE@2,"Black Market",2,94723,2022-10-17T19:45:00,9032,2022-10-18T03:30:00,metalBar,16,cloth,8
T5_MAIN_MACE@3,"Black Market",2,359883,2022-10-17T19:45:00,40644,2022-10-18T03:30:00,metalBar,16,cloth,8
T6_MAIN_MACE,"Black Market",2,40500,2022-10-17T23:55:00,13548,2022-10-18T03:30:00,metalBar,16,cloth,8
T6_MAIN_MACE@1,"Black Market",2,97880,2022-10-17T21:25:00,90320,2022-10-18T03:30:00,metalBar,16,cloth,8
T6_MAIN_MACE@2,"Black Market",2,322997,2022-10-17T19:45:00,40644,2022-10-18T03:30:00,metalBar,16,cloth,8
T6_MAIN_MACE@3,"Black Market",2,754983,2022-10-17T19:45:00,713528,2022-10-18T03:30:00,metalBar,16,cloth,8
T7_MAIN_MACE,"Black Market",2,117700,2022-10-18T09:40:00,58708,2022-10-18T06:55:00,metalBar,16,cloth,8
T7_MAIN_MACE@1,"Black Market",2,327984,2022-10-17T19:40:00,266444,2022-10-18T03:30:00,metalBar,16,cloth,8
T7_MAIN_MACE@2,"Black Market",2,679999,2022-10-17T19:45:00,81288,2022-10-18T06:55:00,metalBar,16,cloth,8
T7_MAIN_MACE@3,"Black Market",2,1800000,2022-10-17T19:40:00,885087,2022-10-18T06:55:00,metalBar,16,cloth,8
T8_MAIN_MACE,"Black Market",2,338790,2022-10-17T20:15:00,139996,2022-10-18T06:55:00,metalBar,16,cloth,8
T8_MAIN_MACE@1,"Black Market",2,830000,2022-10-17T19:40:00,559984,2022-10-18T06:55:00,metalBar,16,cloth,8
T8_MAIN_MACE@2,"Black Market",2,0,0001-01-01T00:00:00,1372788,2022-10-18T06:55:00,metalBar,16,cloth,8
T8_MAIN_MACE@3,"Black Market",2,2189000,2022-10-17T19:40:00,614159,2022-10-18T06:55:00,metalBar,16,cloth,8
T2_2H_MACE,"Black Market",2,0,0001-01-01T00:00:00,0,0001-01-01T00:00:00,metalBar,20,cloth,12
T3_2H_MACE,"Black Market",2,0,0001-01-01T00:00:00,0,0001-01-01T00:00:00,metalBar,20,cloth,12
T4_2H_MACE,"Black Market",2,5989,2022-10-17T23:55:00,1128,2022-10-18T03:30:00,metalBar,20,cloth,12
T4_2H_MACE@1,"Black Market",2,14946,2022-10-17T19:40:00,4518,2022-10-18T03:30:00,metalBar,20,cloth,12
T4_2H_MACE@2,"Black Market",2,52899,2022-10-17T19:40:00,33110,2022-10-18T03:30:00,metalBar,20,cloth,12
T4_2H_MACE@3,"Black Market",2,199993,2022-10-17T19:40:00,30110,2022-10-18T03:30:00,metalBar,20,cloth,12
T5_2H_MACE,"Black Market",2,17425,2022-10-17T20:50:00,16566,2022-10-18T03:30:00,metalBar,20,cloth,12
T5_2H_MACE@1,"Black Market",2,32165,2022-10-18T05:15:00,28595,2022-10-18T05:15:00,metalBar,20,cloth,12
T5_2H_MACE@2,"Black Market",2,111050,2022-10-18T03:50:00,99363,2022-10-18T03:30:00,metalBar,20,cloth,12
T5_2H_MACE@3,"Black Market",2,419994,2022-10-17T19:40:00,90315,2022-10-18T03:30:00,metalBar,20,cloth,12
T6_2H_MACE,"Black Market",2,53000,2022-10-17T23:55:00,43645,2022-10-18T03:30:00,metalBar,20,cloth,12
T6_2H_MACE@1,"Black Market",2,106958,2022-10-17T20:25:00,81297,2022-10-18T03:30:00,metalBar,20,cloth,12
T6_2H_MACE@2,"Black Market",2,399892,2022-10-17T19:45:00,343197,2022-10-18T03:30:00,metalBar,20,cloth,12
T6_2H_MACE@3,"Black Market",2,1234566,2022-10-17T19:40:00,240840,2022-10-18T03:30:00,metalBar,20,cloth,12
T7_2H_MACE,"Black Market",2,155947,2022-10-17T19:40:00,117429,2022-10-18T06:55:00,metalBar,20,cloth,12
T7_2H_MACE@1,"Black Market",2,391489,2022-10-17T19:40:00,96336,2022-10-18T06:55:00,metalBar,20,cloth,12
T7_2H_MACE@2,"Black Market",2,965993,2022-10-17T19:45:00,60210,2022-10-18T03:30:00,metalBar,20,cloth,12
T7_2H_MACE@3,"Black Market",2,2498992,2022-10-17T19:45:00,264924,2022-10-18T06:55:00,metalBar,20,cloth,12
T8_2H_MACE,"Black Market",2,454000,2022-10-17T20:20:00,415449,2022-10-18T06:55:00,metalBar,20,cloth,12
T8_2H_MACE@1,"Black Market",2,1089985,2022-10-17T19:45:00,493722,2022-10-18T06:55:00,metalBar,20,cloth,12
T8_2H_MACE@2,"Black Market",2,2350000,2022-10-17T19:45:00,1372788,2022-10-18T06:55:00,metalBar,20,cloth,12
T8_2H_MACE@3,"Black Market",2,4798997,2022-10-17T19:40:00,144507,2022-10-18T06:55:00,metalBar,20,cloth,12
T2_2h_FLAIL,"Black Market",2,0,0001-01-01T00:00:00,0,0001-01-01T00:00:00,metalBar,20,cloth,12
T3_2h_FLAIL,"Black Market",2,0,0001-01-01T00:00:00,0,0001-01-01T00:00:00,metalBar,20,cloth,12
T4_2H_FLAIL,"Black Market",2,7239,2022-10-17T23:55:00,4512,2022-10-18T03:30:00,metalBar,20,cloth,12
T4_2H_FLAIL@1,"Black Market",2,15747,2022-10-17T19:40:00,2259,2022-10-17T19:40:00,metalBar,20,cloth,12
T4_2H_FLAIL@2,"Black Market",2,0,0001-01-01T00:00:00,1505,2022-10-18T03:30:00,metalBar,20,cloth,12
T4_2H_FLAIL@3,"Black Market",2,169999,2022-10-17T19:45:00,45165,2022-10-18T03:30:00,metalBar,20,cloth,12
T5_2H_FLAIL,"Black Market",2,17918,2022-10-17T20:50:00,5271,2022-10-17T20:50:00,metalBar,20,cloth,12
T5_2H_FLAIL@1,"Black Market",2,30361,2022-10-18T06:20:00,3010,2022-10-18T06:20:00,metalBar,20,cloth,12
T5_2H_FLAIL@2,"Black Market",2,103806,2022-10-17T19:45:00,30110,2022-10-18T03:30:00,metalBar,20,cloth,12
T5_2H_FLAIL@3,"Black Market",2,379572,2022-10-17T19:40:00,132462,2022-10-18T03:30:00,metalBar,20,cloth,12
T6_2H_FLAIL,"Black Market",2,51989,2022-10-17T23:55:00,33110,2022-10-17T21:30:00,metalBar,20,cloth,12
T6_2H_FLAIL@1,"Black Market",2,90289,2022-10-17T21:15:00,42154,2022-10-17T21:30:00,metalBar,20,cloth,12
T6_2H_FLAIL@2,"Black Market",2,307217,2022-10-17T19:40:00,156546,2022-10-18T03:30:00,metalBar,20,cloth,12
T6_2H_FLAIL@3,"Black Market",2,969999,2022-10-17T19:40:00,867024,2022-10-18T03:30:00,metalBar,20,cloth,12
T7_2H_FLAIL,"Black Market",2,133984,2022-10-17T20:20:00,30110,2022-10-18T03:30:00,metalBar,20,cloth,12
T7_2H_FLAIL@1,"Black Market",2,326989,2022-10-17T19:40:00,282987,2022-10-18T06:55:00,metalBar,20,cloth,12
T7_2H_FLAIL@2,"Black Market",2,999869,2022-10-17T19:45:00,529848,2022-10-18T06:50:00,metalBar,20,cloth,12
T7_2H_FLAIL@3,"Black Market",2,2639992,2022-10-17T19:40:00,1252368,2022-10-18T03:30:00,metalBar,20,cloth,12
T8_2H_FLAIL,"Black Market",2,325100,2022-10-17T20:15:00,228798,2022-10-18T03:30:00,metalBar,20,cloth,12
T8_2H_FLAIL@1,"Black Market",2,979990,2022-10-17T19:45:00,409428,2022-10-18T06:55:00,metalBar,20,cloth,12
T8_2H_FLAIL@2,"Black Market",2,2079992,2022-10-17T19:40:00,1517292,2022-10-18T06:55:00,metalBar,20,cloth,12
T8_2H_FLAIL@3,"Black Market",2,4299999,2022-10-17T19:45:00,3034647,2022-10-18T06:55:00,metalBar,20,cloth,12
T2_MAIN_HAMMER,"Black Market",2,0,0001-01-01T00:00:00,0,0001-01-01T00:00:00,metalBar,24,,
T3_MAIN_HAMMER,"Black Market",2,0,0001-01-01T00:00:00,3102,2022-10-18T03:30:00,metalBar,24,,
T4_MAIN_HAMMER,"Black Market",2,3709,2022-10-17T19:00:00,282,2022-10-18T03:30:00,metalBar,24,,
T4_MAIN_HAMMER@1,"Black Market",2,7422,2022-10-17T19:25:00,2820,2022-10-18T03:30:00,metalBar,24,,
T4_MAIN_HAMMER@2,"Black Market",2,33096,2022-10-17T19:20:00,30483,2022-10-18T03:30:00,metalBar,24,,
T4_MAIN_HAMMER@3,"Black Market",2,149992,2022-10-17T19:00:00,38386,2022-10-18T03:30:00,metalBar,24,,
T5_MAIN_HAMMER,"Black Market",2,13398,2022-10-17T21:05:00,2820,2022-10-18T03:30:00,metalBar,24,,
T5_MAIN_HAMMER@1,"Black Market",2,23552,2022-10-17T21:05:00,15806,2022-10-18T03:30:00,metalBar,24,,
T5_MAIN_HAMMER@2,"Black Market",2,85979,2022-10-17T19:00:00,2258,2022-10-18T03:30:00,metalBar,24,,
T5_MAIN_HAMMER@3,"Black Market",2,299981,2022-10-17T19:00:00,112900,2022-10-18T03:30:00,metalBar,24,,
T6_MAIN_HAMMER,"Black Market",2,51133,2022-10-17T21:25:00,32741,2022-10-18T03:30:00,metalBar,24,,
T6_MAIN_HAMMER@1,"Black Market",2,89900,2022-10-17T20:45:00,49676,2022-10-18T03:30:00,metalBar,24,,
T6_MAIN_HAMMER@2,"Black Market",2,270962,2022-10-17T19:00:00,18064,2022-10-18T03:30:00,metalBar,24,,
T6_MAIN_HAMMER@3,"Black Market",2,748954,2022-10-17T18:50:00,569016,2022-10-18T03:30:00,metalBar,24,,
T7_MAIN_HAMMER,"Black Market",2,91994,2022-10-17T19:20:00,47418,2022-10-17T19:20:00,metalBar,24,,
T7_MAIN_HAMMER@1,"Black Market",2,230963,2022-10-17T19:00:00,90320,2022-10-18T06:55:00,metalBar,24,,
T7_MAIN_HAMMER@2,"Black Market",2,0,0001-01-01T00:00:00,108384,2022-10-18T06:55:00,metalBar,24,,
T7_MAIN_HAMMER@3,"Black Market",2,1699953,2022-10-17T19:00:00,234819,2022-10-18T06:55:00,metalBar,24,,
T8_MAIN_HAMMER,"Black Market",2,294000,2022-10-17T19:20:00,185156,2022-10-18T06:55:00,metalBar,24,,
T8_MAIN_HAMMER@1,"Black Market",2,636996,2022-10-17T18:45:00,298056,2022-10-18T06:55:00,metalBar,24,,
T8_MAIN_HAMMER@2,"Black Market",2,1898992,2022-10-17T19:00:00,776709,2022-10-18T03:30:00,metalBar,24,,
T8_MAIN_HAMMER@3,"Black Market",2,0,0001-01-01T00:00:00,2565017,2022-10-18T06:50:00,metalBar,24,,
T2_2H_POLEHAMMER,"Black Market",2,0,0001-01-01T00:00:00,0,0001-01-01T00:00:00,metalBar,20,cloth,12
T3_2H_POLEHAMMER,"Black Market",2,0,0001-01-01T00:00:00,0,0001-01-01T00:00:00,metalBar,20,cloth,12
T4_2H_POLEHAMMER,"Black Market",2,6864,2022-10-17T21:40:00,752,2022-10-18T03:30:00,metalBar,20,cloth,12
T4_2H_POLEHAMMER@1,"Black Market",2,12077,2022-10-17T19:30:00,8283,2022-10-18T03:30:00,metalBar,20,cloth,12
T4_2H_POLEHAMMER@2,"Black Market",2,53988,2022-10-17T19:00:00,24080,2022-10-18T03:30:00,metalBar,20,cloth,12
T4_2H_POLEHAMMER@3,"Black Market",2,0,0001-01-01T00:00:00,99363,2022-10-18T03:30:00,metalBar,20,cloth,12
T5_2H_POLEHAMMER,"Black Market",2,22296,2022-10-17T20:55:00,11295,2022-10-18T03:30:00,metalBar,20,cloth,12
T5_2H_POLEHAMMER@1,"Black Market",2,37957,2022-10-17T20:55:00,30100,2022-10-18T03:30:00,metalBar,20,cloth,12
T5_2H_POLEHAMMER@2,"Black Market",2,108868,2022-10-17T18:50:00,39143,2022-10-18T03:30:00,metalBar,20,cloth,12
T5_2H_POLEHAMMER@3,"Black Market",2,349996,2022-10-17T19:00:00,48168,2022-10-18T03:30:00,metalBar,20,cloth,12
T6_2H_POLEHAMMER,"Black Market",2,79898,2022-10-17T21:15:00,21070,2022-10-18T03:30:00,metalBar,20,cloth,12
T6_2H_POLEHAMMER@1,"Black Market",2,119998,2022-10-17T19:00:00,102374,2022-10-18T03:30:00,metalBar,20,cloth,12
T6_2H_POLEHAMMER@2,"Black Market",2,397596,2022-10-17T18:50:00,36126,2022-10-18T03:30:00,metalBar,20,cloth,12
T6_2H_POLEHAMMER@3,"Black Market",2,854998,2022-10-17T19:00:00,698436,2022-10-18T03:30:00,metalBar,20,cloth,12
T7_2H_POLEHAMMER,"Black Market",2,184932,2022-10-17T19:00:00,99363,2022-10-18T03:30:00,metalBar,20,cloth,12
T7_2H_POLEHAMMER@1,"Black Market",2,397300,2022-10-17T19:00:00,270945,2022-10-18T06:55:00,metalBar,20,cloth,12
T7_2H_POLEHAMMER@2,"Black Market",2,868998,2022-10-17T19:00:00,409428,2022-10-18T06:55:00,metalBar,20,cloth,12
T7_2H_POLEHAMMER@3,"Black Market",2,2195910,2022-10-17T18:50:00,602100,2022-10-18T06:50:00,metalBar,20,cloth,12
T8_2H_POLEHAMMER,"Black Market",2,433886,2022-10-17T19:20:00,415449,2022-10-18T06:55:00,metalBar,20,cloth,12
T8_2H_POLEHAMMER@1,"Black Market",2,839995,2022-10-17T19:00:00,770688,2022-10-18T06:55:00,metalBar,20,cloth,12
T8_2H_POLEHAMMER@2,"Black Market",2,2333332,2022-10-17T18:50:00,1541376,2022-10-18T06:55:00,metalBar,20,cloth,12
T8_2H_POLEHAMMER@3,"Black Market",2,3649996,2022-10-17T19:00:00,1926760,2022-10-18T03:30:00,metalBar,20,cloth,12
T2_2h_HAMMER,"Black Market",2,0,0001-01-01T00:00:00,0,0001-01-01T00:00:00,metalBar,20,cloth,12
T3_2h_HAMMER,"Black Market",2,0,0001-01-01T00:00:00,0,0001-01-01T00:00:00,metalBar,20,cloth,12
T4_2H_HAMMER,"Black Market",2,6966,2022-10-18T06:30:00,6768,2022-10-18T03:30:00,metalBar,20,cloth,12
T4_2H_HAMMER@1,"Black Market",2,34996,2022-10-18T06:30:00,18825,2022-10-18T06:30:00,metalBar,20,cloth,12
T4_2H_HAMMER@2,"Black Market",2,48496,2022-10-17T19:00:00,27090,2022-10-18T03:30:00,metalBar,20,cloth,12
T4_2H_HAMMER@3,"Black Market",2,226992,2022-10-17T19:00:00,129473,2022-10-18T03:30:00,metalBar,20,cloth,12
T5_2H_HAMMER,"Black Market",2,22475,2022-10-17T20:50:00,13554,2022-10-17T21:20:00,metalBar,20,cloth,12
T5_2H_HAMMER@1,"Black Market",2,34645,2022-10-17T20:55:00,16555,2022-10-18T03:30:00,metalBar,20,cloth,12
T5_2H_HAMMER@2,"Black Market",2,0,0001-01-01T00:00:00,54198,2022-10-18T03:30:00,metalBar,20,cloth,12
T5_2H_HAMMER@3,"Black Market",2,398997,2022-10-17T19:00:00,198693,2022-10-18T03:30:00,metalBar,20,cloth,12
T6_2H_HAMMER,"Black Market",2,95982,2022-10-17T21:15:00,76755,2022-10-18T03:30:00,metalBar,20,cloth,12
T6_2H_HAMMER@1,"Black Market",2,129977,2022-10-18T05:10:00,84308,2022-10-18T05:10:00,metalBar,20,cloth,12
T6_2H_HAMMER@2,"Black Market",2,404980,2022-10-17T19:00:00,252882,2022-10-18T03:30:00,metalBar,20,cloth,12
T6_2H_HAMMER@3,"Black Market",2,939997,2022-10-17T19:00:00,156546,2022-10-18T03:30:00,metalBar,20,cloth,12
T7_2H_HAMMER,"Black Market",2,198976,2022-10-17T19:20:00,138506,2022-10-18T06:55:00,metalBar,20,cloth,12
T7_2H_HAMMER@1,"Black Market",2,397300,2022-10-17T19:00:00,367281,2022-10-18T03:30:00,metalBar,20,cloth,12
T7_2H_HAMMER@2,"Black Market",2,929982,2022-10-17T18:50:00,433512,2022-10-18T06:55:00,metalBar,20,cloth,12
T7_2H_HAMMER@3,"Black Market",2,2249986,2022-10-17T19:00:00,1083780,2022-10-18T06:55:00,metalBar,20,cloth,12
T8_2H_HAMMER,"Black Market",2,487997,2022-10-17T19:25:00,240840,2022-10-18T06:50:00,metalBar,20,cloth,12
T8_2H_HAMMER@1,"Black Market",2,0,0001-01-01T00:00:00,710478,2022-10-18T06:55:00,metalBar,20,cloth,12
T8_2H_HAMMER@2,"Black Market",2,0,0001-01-01T00:00:00,2119392,2022-10-18T06:55:00,metalBar,20,cloth,12
T8_2H_HAMMER@3,"Black Market",2,4549993,2022-10-17T18:50:00,2456619,2022-10-18T06:50:00,metalBar,20,cloth,12
T2_2H_KNUCKLES_SET1,"Black Market",2,0,0001-01-01T00:00:00,0,0001-01-01T00:00:00,metalBar,12,leather,20
T3_2H_KNUCKLES_SET1,"Black Market",2,4671,2022-10-17T16:15:00,2256,2022-10-17T16:20:00,metalBar,12,leather,20
T4_2H_KNUCKLES_SET1,"Black Market",2,0,0001-01-01T00:00:00,0,0001-01-01T00:00:00,metalBar,12,leather,20
T4_2H_KNUCKLES_SET1@1,"Black Market",2,0,0001-01-01T00:00:00,0,0001-01-01T00:00:00,metalBar,12,leather,20
T4_2H_KNUCKLES_SET1@2,"Black Market",2,0,0001-01-01T00:00:00,0,0001-01-01T00:00:00,metalBar,12,leather,20
T4_2H_KNUCKLES_SET1@3,"Black Market",2,0,0001-01-01T00:00:00,0,0001-01-01T00:00:00,metalBar,12,leather,20
T5_2H_KNUCKLES_SET1,"Black Market",2,25918,2022-10-17T20:50:00,15813,2022-10-17T12:25:00,metalBar,12,leather,20
T5_2H_KNUCKLES_SET1@1,"Black Market",2,42167,2022-10-17T20:50:00,24080,2022-10-17T20:55:00,metalBar,12,leather,20
T5_2H_KNUCKLES_SET1@2,"Black Market",2,0,0001-01-01T00:00:00,0,0001-01-01T00:00:00,metalBar,12,leather,20
T5_2H_KNUCKLES_SET1@3,"Black Market",2,0,0001-01-01T00:00:00,0,0001-01-01T00:00:00,metalBar,12,leather,20
T6_2H_KNUCKLES_SET1,"Black Market",2,96975,2022-10-17T21:15:00,43645,2022-10-17T21:15:00,metalBar,12,leather,20
T6_2H_KNUCKLES_SET1@1,"Black Market",2,154769,2022-10-17T20:25:00,126462,2022-10-17T20:25:00,metalBar,12,leather,20
T6_2H_KNUCKLES_SET1@2,"Black Market",2,459999,2022-10-18T09:10:00,0,0001-01-01T00:00:00,metalBar,12,leather,20
T6_2H_KNUCKLES_SET1@3,"Black Market",2,0,0001-01-01T00:00:00,0,0001-01-01T00:00:00,metalBar,12,leather,20
T7_2H_KNUCKLES_SET1,"Black Market",2,245950,2022-10-18T09:35:00,156572,2022-10-18T06:55:00,metalBar,12,leather,20
T7_2H_KNUCKLES_SET1@1,"Black Market",2,487955,2022-10-18T09:10:00,102357,2022-10-18T09:10:00,metalBar,12,leather,20
T7_2H_KNUCKLES_SET1@2,"Black Market",2,0,0001-01-01T00:00:00,830898,2022-10-18T06:55:00,metalBar,12,leather,20
T7_2H_KNUCKLES_SET1@3,"Black Market",2,0,0001-01-01T00:00:00,2023056,2022-10-17T21:30:00,metalBar,12,leather,20
T8_2H_KNUCKLES_SET1,"Black Market",2,595000,2022-10-18T09:10:00,578016,2022-10-18T09:10:00,metalBar,12,leather,20
T8_2H_KNUCKLES_SET1@1,"Black Market",2,1209998,2022-10-18T09:05:00,240840,2022-10-18T09:15:00,metalBar,12,leather,20
T8_2H_KNUCKLES_SET1@2,"Black Market",2,0,0001-01-01T00:00:00,650268,2022-10-18T09:15:00,metalBar,12,leather,20
T8_2H_KNUCKLES_SET1@3,"Black Market",2,0,0001-01-01T00:00:00,818873,2022-10-18T09:05:00,metalBar,12,leather,20
T2_2H_KNUCKLES_SET2,"Black Market",2,0,0001-01-01T00:00:00,0,0001-01-01T00:00:00,metalBar,12,leather,20
T3_2H_KNUCKLES_SET2,"Black Market",2,0,0001-01-01T00:00:00,0,0001-01-01T00:00:00,metalBar,12,leather,20
T4_2H_KNUCKLES_SET2,"Black Market",2,5285,2022-10-17T14:40:00,1880,2022-10-17T14:40:00,metalBar,12,leather,20
T4_2H_KNUCKLES_SET2@1,"Black Market",2,0,0001-01-01T00:00:00,0,0001-01-01T00:00:00,metalBar,12,leather,20
T4_2H_KNUCKLES_SET2@2,"Black Market",2,0,0001-01-01T00:00:00,0,0001-01-01T00:00:00,metalBar,12,leather,20
T4_2H_KNUCKLES_SET2@3,"Black Market",2,0,0001-01-01T00:00:00,0,0001-01-01T00:00:00,metalBar,12,leather,20
T5_2H_KNUCKLES_SET2,"Black Market",2,26146,2022-10-17T20:55:00,753,2022-10-17T21:35:00,metalBar,12,leather,20
T5_2H_KNUCKLES_SET2@1,"Black Market",2,42935,2022-10-17T20:55:00,9030,2022-10-17T20:55:00,metalBar,12,leather,20
T5_2H_KNUCKLES_SET2@2,"Black Market",2,0,0001-01-01T00:00:00,0,0001-01-01T00:00:00,metalBar,12,leather,20
T5_2H_KNUCKLES_SET2@3,"Black Market",2,0,0001-01-01T00:00:00,307071,2022-10-17T19:05:00,metalBar,12,leather,20
T6_2H_KNUCKLES_SET2,"Black Market",2,92998,2022-10-17T20:25:00,34615,2022-10-17T20:25:00,metalBar,12,leather,20
T6_2H_KNUCKLES_SET2@1,"Black Market",2,159958,2022-10-17T21:15:00,159583,2022-10-17T21:15:00,metalBar,12,leather,20
T6_2H_KNUCKLES_SET2@2,"Black Market",2,0,0001-01-01T00:00:00,367281,2022-10-18T00:50:00,metalBar,12,leather,20
T6_2H_KNUCKLES_SET2@3,"Black Market",2,0,0001-01-01T00:00:00,0,0001-01-01T00:00:00,metalBar,12,leather,20
T7_2H_KNUCKLES_SET2,"Black Market",2,0,0001-01-01T00:00:00,225825,2022-10-18T06:55:00,metalBar,12,leather,20
T7_2H_KNUCKLES_SET2@1,"Black Market",2,0,0001-01-01T00:00:00,240840,2022-10-18T06:55:00,metalBar,12,leather,20
T7_2H_KNUCKLES_SET2@2,"Black Market",2,0,0001-01-01T00:00:00,710478,2022-10-18T06:50:00,metalBar,12,leather,20
T7_2H_KNUCKLES_SET2@3,"Black Market",2,0,0001-01-01T00:00:00,1107864,2022-10-17T19:10:00,metalBar,12,leather,20
T8_2H_KNUCKLES_SET2,"Black Market",2,0,0001-01-01T00:00:00,240840,2022-10-18T06:50:00,metalBar,12,leather,20
T8_2H_KNUCKLES_SET2@1,"Black Market",2,0,0001-01-01T00:00:00,1095822,2022-10-18T06:55:00,metalBar,12,leather,20
T8_2H_KNUCKLES_SET2@2,"Black Market",2,0,0001-01-01T00:00:00,0,0001-01-01T00:00:00,metalBar,12,leather,20
T8_2H_KNUCKLES_SET2@3,"Black Market",2,0,0001-01-01T00:00:00,0,0001-01-01T00:00:00,metalBar,12,leather,20
T2_2H_KNUCKLES_SET3,"Black Market",2,0,0001-01-01T00:00:00,0,0001-01-01T00:00:00,metalBar,12,leather,20
T3_2H_KNUCKLES_SET3,"Black Market",2,0,0001-01-01T00:00:00,0,0001-01-01T00:00:00,metalBar,12,leather,20
T4_2H_KNUCKLES_SET3,"Black Market",2,0,0001-01-01T00:00:00,376,2022-10-17T19:00:00,metalBar,12,leather,20
T4_2H_KNUCKLES_SET3@1,"Black Market",2,0,0001-01-01T00:00:00,0,0001-01-01T00:00:00,metalBar,12,leather,20
T4_2H_KNUCKLES_SET3@2,"Black Market",2,0,0001-01-01T00:00:00,0,0001-01-01T00:00:00,metalBar,12,leather,20
T4_2H_KNUCKLES_SET3@3,"Black Market",2,0,0001-01-01T00:00:00,0,0001-01-01T00:00:00,metalBar,12,leather,20
T5_2H_KNUCKLES_SET3,"Black Market",2,25076,2022-10-17T20:55:00,21837,2022-10-17T20:50:00,metalBar,12,leather,20
T5_2H_KNUCKLES_SET3@1,"Black Market",2,40970,2022-10-17T20:55:00,12040,2022-10-17T20:55:00,metalBar,12,leather,20
T5_2H_KNUCKLES_SET3@2,"Black Market",2,0,0001-01-01T00:00:00,0,0001-01-01T00:00:00,metalBar,12,leather,20
T5_2H_KNUCKLES_SET3@3,"Black Market",2,0,0001-01-01T00:00:00,367281,2022-10-17T16:20:00,metalBar,12,leather,20
T6_2H_KNUCKLES_SET3,"Black Market",2,93850,2022-10-17T21:15:00,27090,2022-10-17T21:35:00,metalBar,12,leather,20
T6_2H_KNUCKLES_SET3@1,"Black Market",2,165986,2022-10-17T21:15:00,24088,2022-10-17T21:15:00,metalBar,12,leather,20
T6_2H_KNUCKLES_SET3@2,"Black Market",2,0,0001-01-01T00:00:00,415449,2022-10-18T00:50:00,metalBar,12,leather,20
T6_2H_KNUCKLES_SET3@3,"Black Market",2,0,0001-01-01T00:00:00,806814,2022-10-17T20:30:00,metalBar,12,leather,20
T7_2H_KNUCKLES_SET3,"Black Market",2,247768,2022-10-18T09:40:00,27099,2022-10-18T09:40:00,metalBar,12,leather,20
T7_2H_KNUCKLES_SET3@1,"Black Market",2,0,0001-01-01T00:00:00,487701,2022-10-18T06:55:00,metalBar,12,leather,20
T7_2H_KNUCKLES_SET3@2,"Black Market",2,0,0001-01-01T00:00:00,1156032,2022-10-18T06:55:00,metalBar,12,leather,20
T7_2H_KNUCKLES_SET3@3,"Black Market",2,0,0001-01-01T00:00:00,2432484,2022-10-18T09:20:00,metalBar,12,leather,20
T8_2H_KNUCKLES_SET3,"Black Market",2,0,0001-01-01T00:00:00,355239,2022-10-18T06:55:00,metalBar,12,leather,20
T8_2H_KNUCKLES_SET3@1,"Black Market",2,0,0001-01-01T00:00:00,758646,2022-10-18T06:55:00,metalBar,12,leather,20
T8_2H_KNUCKLES_SET3@2,"Black Market",2,0,0001-01-01T00:00:00,1348704,2022-10-18T06:55:00,metalBar,12,leather,20
T8_2H_KNUCKLES_SET3@3,"Black Market",2,0,0001-01-01T00:00:00,3709013,2022-10-18T06:55:00,metalBar,12,leather,20
T2_2H_CROSSBOW,"Black Market",2,0,0001-01-01T00:00:00,0,0001-01-01T00:00:00,metalBar,12,planks,20
T3_2H_CROSSBOW,"Black Market",2,3966,2022-10-18T06:40:00,2068,2022-10-18T03:35:00,metalBar,12,planks,20
T4_2H_CROSSBOW,"Black Market",2,9297,2022-10-17T14:40:00,9024,2022-10-18T03:35:00,metalBar,12,planks,20
T4_2H_CROSSBOW@1,"Black Market",2,0,0001-01-01T00:00:00,16566,2022-10-18T03:35:00,metalBar,12,planks,20
T4_2H_CROSSBOW@2,"Black Market",2,0,0001-01-01T00:00:00,37625,2022-10-18T03:35:00,metalBar,12,planks,20
T4_2H_CROSSBOW@3,"Black Market",2,0,0001-01-01T00:00:00,36132,2022-10-18T03:35:00,metalBar,12,planks,20
T5_2H_CROSSBOW,"Black Market",2,18876,2022-10-17T20:50:00,18072,2022-10-18T03:35:00,metalBar,12,planks,20
T5_2H_CROSSBOW@1,"Black Market",2,0,0001-01-01T00:00:00,25585,2022-10-18T03:35:00,metalBar,12,planks,20
T5_2H_CROSSBOW@2,"Black Market",2,0,0001-01-01T00:00:00,12044,2022-10-18T03:35:00,metalBar,12,planks,20
T5_2H_CROSSBOW@3,"Black Market",2,0,0001-01-01T00:00:00,234819,2022-10-18T03:35:00,metalBar,12,planks,20
T6_2H_CROSSBOW,"Black Market",2,54452,2022-10-17T20:15:00,31605,2022-10-18T03:35:00,metalBar,12,planks,20
T6_2H_CROSSBOW@1,"Black Market",2,102967,2022-10-17T20:15:00,30110,2022-10-18T03:35:00,metalBar,12,planks,20
T6_2H_CROSSBOW@2,"Black Market",2,331144,2022-10-18T09:40:00,42147,2022-10-17T20:40:00,metalBar,12,planks,20
T6_2H_CROSSBOW@3,"Black Market",2,0,0001-01-01T00:00:00,722520,2022-10-18T03:35:00,metalBar,12,planks,20
T7_2H_CROSSBOW,"Black Market",2,127000,2022-10-18T09:40:00,108396,2022-10-18T09:15:00,metalBar,12,planks,20
T7_2H_CROSSBOW@1,"Black Market",2,322000,2022-10-18T09:10:00,264924,2022-10-18T09:15:00,metalBar,12,planks,20
T7_2H_CROSSBOW@2,"Black Market",2,0,0001-01-01T00:00:00,361260,2022-10-18T09:15:00,metalBar,12,planks,20
T7_2H_CROSSBOW@3,"Black Market",2,0,0001-01-01T00:00:00,1059696,2022-10-18T09:15:00,metalBar,12,planks,20
T8_2H_CROSSBOW,"Black Market",2,0,0001-01-01T00:00:00,96336,2022-10-18T06:55:00,metalBar,12,planks,20
T8_2H_CROSSBOW@1,"Black Market",2,0,0001-01-01T00:00:00,674352,2022-10-18T06:50:00,metalBar,12,planks,20
T8_2H_CROSSBOW@2,"Black Market",2,0,0001-01-01T00:00:00,1156032,2022-10-18T06:55:00,metalBar,12,planks,20
T8_2H_CROSSBOW@3,"Black Market",2,0,0001-01-01T00:00:00,2263943,2022-10-18T06:55:00,metalBar,12,planks,20
T2_2H_CROSSBOWLARGE,"Black Market",2,0,0001-01-01T00:00:00,0,0001-01-01T00:00:00,metalBar,12,planks,20
T3_2H_CROSSBOWLARGE,"Black Market",2,0,0001-01-01T00:00:00,0,0001-01-01T00:00:00,metalBar,12,planks,20
T4_2H_CROSSBOWLARGE,"Black Market",2,6858,2022-10-17T20:10:00,5264,2022-10-18T03:40:00,metalBar,12,planks,20
T4_2H_CROSSBOWLARGE@1,"Black Market",2,17932,2022-10-17T18:40:00,14307,2022-10-18T03:35:00,metalBar,12,planks,20
T4_2H_CROSSBOWLARGE@2,"Black Market",2,0,0001-01-01T00:00:00,18060,2022-10-18T03:35:00,metalBar,12,planks,20
T4_2H_CROSSBOWLARGE@3,"Black Market",2,0,0001-01-01T00:00:00,6022,2022-10-18T03:35:00,metalBar,12,planks,20
T5_2H_CROSSBOWLARGE,"Black Market",2,18662,2022-10-17T21:20:00,8283,2022-10-18T03:35:00,metalBar,12,planks,20
T5_2H_CROSSBOWLARGE@1,"Black Market",2,34988,2022-10-17T20:50:00,13545,2022-10-18T03:35:00,metalBar,12,planks,20
T5_2H_CROSSBOWLARGE@2,"Black Market",2,0,0001-01-01T00:00:00,60220,2022-10-18T03:35:00,metalBar,12,planks,20
T5_2H_CROSSBOWLARGE@3,"Black Market",2,0,0001-01-01T00:00:00,168588,2022-10-18T03:35:00,metalBar,12,planks,20
T6_2H_CROSSBOWLARGE,"Black Market",2,50046,2022-10-17T21:10:00,7525,2022-10-18T03:35:00,metalBar,12,planks,20
T6_2H_CROSSBOWLARGE@1,"Black Market",2,102737,2022-10-17T21:10:00,81297,2022-10-18T03:35:00,metalBar,12,planks,20
T6_2H_CROSSBOWLARGE@2,"Black Market",2,0,0001-01-01T00:00:00,174609,2022-10-18T03:35:00,metalBar,12,planks,20
T6_2H_CROSSBOWLARGE@3,"Black Market",2,0,0001-01-01T00:00:00,156546,2022-10-18T03:35:00,metalBar,12,planks,20
T7_2H_CROSSBOWLARGE,"Black Market",2,120558,2022-10-17T11:45:00,75275,2022-10-18T06:50:00,metalBar,12,planks,20
T7_2H_CROSSBOWLARGE@1,"Black Market",2,313195,2022-10-17T14:40:00,210735,2022-10-18T06:50:00,metalBar,12,planks,20
T7_2H_CROSSBOWLARGE@2,"Black Market",2,0,0001-01-01T00:00:00,36126,2022-10-18T06:50:00,metalBar,12,planks,20
T7_2H_CROSSBOWLARGE@3,"Black Market",2,0,0001-01-01T00:00:00,96336,2022-10-18T06:50:00,metalBar,12,planks,20
T8_2H_CROSSBOWLARGE,"Black Market",2,339999,2022-10-17T11:45:00,180630,2022-10-18T06:55:00,metalBar,12,planks,20
T8_2H_CROSSBOWLARGE@1,"Black Market",2,0,0001-01-01T00:00:00,240840,2022-10-18T06:55:00,metalBar,12,planks,20
T8_2H_CROSSBOWLARGE@2,"Black Market",2,0,0001-01-01T00:00:00,1372788,2022-10-18T06:55:00,metalBar,12,planks,20
T8_2H_CROSSBOWLARGE@3,"Black Market",2,0,0001-01-01T00:00:00,2841971,2022-10-18T06:55:00,metalBar,12,planks,20
T2_MAIN_1HCROSSBOW,"Black Market",2,0,0001-01-01T00:00:00,0,0001-01-01T00:00:00,metalBar,8,planks,16
T3_MAIN_1HCROSSBOW,"Black Market",2,0,0001-01-01T00:00:00,0,0001-01-01T00:00:00,metalBar,8,planks,16
T4_MAIN_1HCROSSBOW,"Black Market",2,3974,2022-10-18T07:40:00,3948,2022-10-18T07:40:00,metalBar,8,planks,16
T4_MAIN_1HCROSSBOW@1,"Black Market",2,8500,2022-10-18T05:20:00,564,2022-10-18T05:20:00,metalBar,8,planks,16
T4_MAIN_1HCROSSBOW@2,"Black Market",2,0,0001-01-01T00:00:00,18064,2022-10-18T03:35:00,metalBar,8,planks,16
T4_MAIN_1HCROSSBOW@3,"Black Market",2,0,0001-01-01T00:00:00,27096,2022-10-18T03:35:00,metalBar,8,planks,16
T5_MAIN_1HCROSSBOW,"Black Market",2,14475,2022-10-17T20:10:00,6204,2022-10-17T20:40:00,metalBar,8,planks,16
T5_MAIN_1HCROSSBOW@1,"Black Market",2,28860,2022-10-17T21:05:00,21451,2022-10-18T03:35:00,metalBar,8,planks,16
T5_MAIN_1HCROSSBOW@2,"Black Market",2,0,0001-01-01T00:00:00,56450,2022-10-18T03:35:00,metalBar,8,planks,16
T5_MAIN_1HCROSSBOW@3,"Black Market",2,0,0001-01-01T00:00:00,320636,2022-10-18T03:35:00,metalBar,8,planks,16
T6_MAIN_1HCROSSBOW,"Black Market",2,39949,2022-10-17T21:25:00,24838,2022-10-18T03:35:00,metalBar,8,planks,16
T6_MAIN_1HCROSSBOW@1,"Black Market",2,94695,2022-10-17T20:45:00,4516,2022-10-18T03:35:00,metalBar,8,planks,16
T6_MAIN_1HCROSSBOW@2,"Black Market",2,299973,2022-10-17T18:35:00,221284,2022-10-18T03:35:00,metalBar,8,planks,16
T6_MAIN_1HCROSSBOW@3,"Black Market",2,0,0001-01-01T00:00:00,45160,2022-10-18T03:35:00,metalBar,8,planks,16
T7_MAIN_1HCROSSBOW,"Black Market",2,88637,2022-10-17T14:05:00,47418,2022-10-18T06:50:00,metalBar,8,planks,16
T7_MAIN_1HCROSSBOW@1,"Black Market",2,0,0001-01-01T00:00:00,13548,2022-10-18T06:50:00,metalBar,8,planks,16
T7_MAIN_1HCROSSBOW@2,"Black Market",2,0,0001-01-01T00:00:00,505792,2022-10-18T06:50:00,metalBar,8,planks,16
T7_MAIN_1HCROSSBOW@3,"Black Market",2,0,0001-01-01T00:00:00,180630,2022-10-18T06:55:00,metalBar,8,planks,16
T8_MAIN_1HCROSSBOW,"Black Market",2,162579,2022-10-17T11:45:00,45160,2022-10-18T09:40:00,metalBar,8,planks,16
T8_MAIN_1HCROSSBOW@1,"Black Market",2,0,0001-01-01T00:00:00,207736,2022-10-18T09:40:00,metalBar,8,planks,16
T8_MAIN_1HCROSSBOW@2,"Black Market",2,0,0001-01-01T00:00:00,722520,2022-10-18T09:40:00,metalBar,8,planks,16
T8_MAIN_1HCROSSBOW@3,"Black Market",2,0,0001-01-01T00:00:00,975429,2022-10-18T09:40:00,metalBar,8,planks,16
T2_OFF_SHIELD,"Black Market",2,356,2022-10-17T14:40:00,336,2022-10-18T03:40:00,metalBar,4,planks,4
T3_OFF_SHIELD,"Black Market",2,0,0001-01-01T00:00:00,1457,2022-10-18T03:40:00,metalBar,4,planks,4
T4_OFF_SHIELD,"Black Market",2,1326,2022-10-17T21:25:00,1128,2022-10-18T03:40:00,metalBar,4,planks,4
T4_OFF_SHIELD@1,"Black Market",2,2486,2022-10-17T21:00:00,1504,2022-10-18T03:40:00,metalBar,4,planks,4
T4_OFF_SHIELD@2,"Black Market",2,0,0001-01-01T00:00:00,1880,2022-10-18T03:40:00,metalBar,4,planks,4
T4_OFF_SHIELD@3,"Black Market",2,0,0001-01-01T00:00:00,41415,2022-10-18T03:40:00,metalBar,4,planks,4
T5_OFF_SHIELD,"Black Market",2,4533,2022-10-17T21:10:00,4136,2022-10-18T03:40:00,metalBar,4,planks,4
T5_OFF_SHIELD@1,"Black Market",2,8888,2022-10-17T21:10:00,7144,2022-10-18T03:40:00,metalBar,4,planks,4
T5_OFF_SHIELD@2,"Black Market",2,0,0001-01-01T00:00:00,20331,2022-10-18T03:40:00,metalBar,4,planks,4
T5_OFF_SHIELD@3,"Black Market",2,0,0001-01-01T00:00:00,51170,2022-10-18T03:40:00,metalBar,4,planks,4
T6_OFF_SHIELD,"Black Market",2,15385,2022-10-17T21:30:00,1128,2022-10-18T03:40:00,metalBar,4,planks,4
T6_OFF_SHIELD@1,"Black Market",2,27398,2022-10-17T21:25:00,753,2022-10-18T03:40:00,metalBar,4,planks,4
T6_OFF_SHIELD@2,"Black Market",2,0,0001-01-01T00:00:00,7525,2022-10-18T03:40:00,metalBar,4,planks,4
T6_OFF_SHIELD@3,"Black Market",2,0,0001-01-01T00:00:00,132484,2022-10-18T03:40:00,metalBar,4,planks,4
T7_OFF_SHIELD,"Black Market",2,35745,2022-10-17T21:35:00,35391,2022-10-18T03:40:00,metalBar,4,planks,4
T7_OFF_SHIELD@1,"Black Market",2,130193,2022-10-17T21:35:00,67725,2022-10-18T03:40:00,metalBar,4,planks,4
T7_OFF_SHIELD@2,"Black Market",2,0,0001-01-01T00:00:00,153561,2022-10-18T06:50:00,metalBar,4,planks,4
T7_OFF_SHIELD@3,"Black Market",2,0,0001-01-01T00:00:00,596079,2022-10-18T06:55:00,metalBar,4,planks,4
T8_OFF_SHIELD,"Black Market",2,0,0001-01-01T00:00:00,4515,2022-10-18T06:55:00,metalBar,4,planks,4
T8_OFF_SHIELD@1,"Black Market",2,0,0001-01-01T00:00:00,210770,2022-10-18T06:50:00,metalBar,4,planks,4
T8_OFF_SHIELD@2,"Black Market",2,0,0001-01-01T00:00:00,108378,2022-10-18T06:50:00,metalBar,4,planks,4
T8_OFF_SHIELD@3,"Black Market",2,0,0001-01-01T00:00:00,842940,2022-10-18T06:55:00,metalBar,4,planks,4
